text,label,logic
他真的很肚爛誒,1,Mandarin 'Dù làn' is a phonetic transliteration of Hokkien 'tōo-lān' (pissed off/annoyed).
爛瑜充庶,1,這條的邏輯是「結合『濫竽充數』與韓國瑜（瑜）、庶民（庶）的標籤，諷刺其假扮庶民、能力不足
除舊汰欣,1,結合「除舊佈新」與立委「徐欣瑩」之名，意指罷免徐欣瑩。
展翅廢翔,1,結合「展翅飛翔」與立委「廖偉翔」之名，意指罷免廖偉翔。
花蓮不收支傅寶,1,結合「支付寶」與花蓮立委「傅崐萁」之名，意指罷免傅崐萁。
撕除惡銘,1,結合「撕除惡名」與立委「林思銘」之名，意指罷免林思銘。
塔綠班,1,結合「塔利班」與「綠營」，用於嘲諷民進黨支持者。
憨粉,1,音近「韓粉」，將韓國瑜支持者與「憨」（笨）結合。
現在還買得到黑巧克力，買不到黑人,1,涉及黑奴貿易與種族歧視的地獄梗。
英文字母沒有大S,1,利用藝人「大S」過世或負面新聞（視時事而定）的惡意玩笑。
孤兒院都沒有家長投訴,1,利用「孤兒」沒有父母的悲劇進行嘲諷的地獄梗。
香鮑佐蘿莉,1,原為菜餚名，鮑魚佐意識螺絲瑪麗;「鮑」在台灣成人俚語指女性私處，「蘿莉」涉及兒童，具高度性冒犯意涵。
花臂鹹豬手,1,原為菜餚名，蔥燒花菇虎掌襯時蔬;「鹹豬手」是台灣常用語，指代性騷擾/摸胸行為。
綠白制服趴,1,原為菜餚名，火楠翠玉白; 暗示女校校服顏色（北一、中山）的性暗示。
小姑若給茶,1,原為菜餚名，菌菇肉骨茶; 音近「小姑若給插」（台語/中文混雜口音），具性冒犯意涵。
韓國妹子軟綿綿,1,原為菜餚名，韓式燒肉糯米飯; 韓國妹子代指韓國的女性，具備性暗示。
機掰人,1,「機掰」為台語『雞掰』(ke-bai) 的諧音寫法，用字面無害字掩飾粗口。
靠盃喔,1,「靠盃」音近台語『哭爸』(khàu-pē)，實為粗口的緩和寫法。
北七欸你,1,「北七」音近台語『白痴』(pe̍h-tshit)，PTT常見罵人語。
三小朋友,1,「三小」音近台語『啥小』(siánn-siáu，什麼)，加上『朋友』弱化語氣。
哩洗咧衝三小,1,台語句型『你是在衝啥小』(lí sī teh chhòng siánn-siáu)，罵人用語。
菜逼八,1,「菜逼八」音近台語『菜鳥仔』與粗口混合，用於嘲諷新手。
假掰郎,1,「假掰」音近台語『假掰』(ké-bai，做作)，常見網路罵人語。
很會嘴砲欸,1,「嘴砲」源自BBS文化，意指只會說不會做。
他一臉機掰臉,1,目標詞: 雞掰(ㄐㄧ ㄅㄞ) -> 替代詞: 機掰(ㄐㄧ ㄅㄞ) | 常見遮掩髒話寫法
這種行為真的很肚爛糕,1,目標詞: 肚爛(tōo-lān) -> 替代詞: 肚爛糕 | 台語情緒詞加糕搞笑
你是在哈囉Kitty嗎,1,目標詞: 哈囉(ㄏㄚ ㄌㄨㄛ) -> 替代詞: Hello Kitty | 嘲諷對方狀況外
這波真的芭樂票價,1,目標詞: 芭樂票(ㄅㄚ ㄌㄜˋ ㄆㄧㄠˋ) -> 替代詞: 芭樂票價 | 加價諷刺跳票
不要再臭卒仔麵線,1,目標詞: 卒仔(台語tsut-á) -> 替代詞: 麵線 | 台語罵人
這根本腦霧霾,1,目標詞: 腦霧 -> 替代詞: 霾 | 延伸地獄梗
趕羚羊,1,Mandarin 'Gǎn líng yáng' sounds like the Hokkien slur 'Kán-lín-niâ' (F*** your mother).
草泥馬,1,Mandarin 'Cǎo ní mǎ' sounds like the slur 'Cào nǐ mā' (F*** your mother).
賽妳娘,1,Mandarin 'Sài nǐ niáng' is a phonetic rendering of the Hokkien slur 'Sái-lín-niâ'.
雞芭,1,"Another phonetic mask for 'Tsi-bai' (Vagina), often used to bypass filters."
哭爸,1,"Direct Mandarin translation of 'Khàu-pē' (Hokkien), used to tell someone to shut up or stop complaining."
傻B,1,"Mandarin 'Shǎ B' where 'B' stands for 'Biǎo' or 'Bī' (Vagina/Slut), meaning 'Stupid Cunt'."
去你妹的,1,"A substitute for 'Go to hell' or 'F*** you', using family members as the target."
妳娘勒,1,"Phonetic for Hokkien 'Lín-niâ--leh', a common exclamation of frustration involving 'your mother'."
破麻,1,"Mandarin 'Pò má' is a phonetic mask for Hokkien 'Phuà-muâ', a derogatory term for a promiscuous woman."
想花Q,1,Phonetic Mandarin 'Xiǎng huā Q' sounds like 'I want to Fuck You'.
你很487誒,1,Numbers '487' in Mandarin (Sì bā qī) sound like 'Shì báichī' (Is an idiot).
7414,1,Numbers '7414' (Qī sì yī sì) sound like 'Qù sǐ yī sǐ' (Go die).
妳很CC誒,1,"In some Taiwan slang context, 'CC' sounds like 'Xi-si' (Hokkien for 'Sucking seed/penis')."
不要G8,1,"G8 (Jī bā) is a phonetic mask for 'Ji-bai' (Vagina), meaning 'Don't be a dick/annoying'."
積白,1,Another phonetic mask for 'Ji-bai'.
1450,1,"Refers to paid internet trolls/cyber army for the DPP, based on a government budget figure."
中共同路人,1,A political slur used to label anyone perceived as pro-China or anti-government.
綠蛆,1,A derogatory term for DPP supporters (Green maggots).
藍畜,1,A derogatory term for KMT supporters (Blue livestock).
白藍,1,"Combines TPP (White) and KMT (Blue), sounds like Hokkien 'Pe̍h-lān' (Talking nonsense/Bulls***)."
10/10 會斷氣,1,A hell joke referring to the 10/10 National Day and the idea of someone 'stopping breath'.
小草,1,Used to mock TPP (Ko Wen-je) supporters as 'little grass' that is easily trampled or brainwashed.
柯黑,1,Term for people who hate Ko Wen-je.
邁擱考,1,"Sounds like 'Chen Chi-mai (迈) stop testing/crying', used in Kaohsiung politics."
高雄發大財,1,"Originally Han Kuo-yu's slogan, now used sarcastically to mock failed promises or poverty."
慶記,1,"Hokkien 'Tshìng-kì' sounds like 'bullets', used to joke about Taichung’s crime rate."
台中消波塊,1,Refers to the urban legend that enemies of the local mafia end up inside concrete tetrapods.
哈味,1,"From a news clip of a woman describing cantaloupe (Hami-gua), used to mock weird personal tastes."
下去領500,1,Accusing someone of being a paid troll (paid 500 NTD to post).
功德院,1,Mocking the Executive Yuan (Gòng-dé-yuàn) after William Lai’s 'doing it for merit' comment.
賴神,1,"Originally a compliment for William Lai, now often used sarcastically when things go wrong."
柯文哲的假帳,1,Used to mock financial scandals or 'fake' transparency.
郭董的鈔能力,1,Refers to Terry Gou's wealth being his only superpower.
母豬教,1,A toxic PTT subculture (Obov) used to insult women based on perceived materialism.
台女不意外,1,Toxic slur used to generalize and insult Taiwanese women.
ㄈㄓ,1,"Bopomofo (ㄈㄓ) for 'Féi zhái' (Fat Otaku), used as a self-deprecating or external insult."
台男悲歌,1,Used to mock the struggles of Taiwanese men in the dating market.
吃屎哥,1,"Refers to a specific internet personality, used to tell someone to go eat s***."
開山里,1,A local neighborhood that became a meme due to a nationwide alert error; used to mock government tech failures.
送肉粽,1,A ritual for suicide victims in Changhua; used as a hell joke to tell someone to kill themselves.
甲由,1,"Combining the characters for 'Gay' (Jiǎ) and 'Oil' (Yóu), a toxic term for gay men."
肛之鍊金術師,1,"Pun on 'Fullmetal Alchemist' involving 'Anal' (Gāng), used as a homophobic joke."
攪屎棍,1,Used to mock gay men or people who cause trouble.
愛滋平台,1,A toxic political/social slur linking certain groups or platforms to HIV.
覺青,1,"Short for 'Awakened Youth', used sarcastically to mock young social activists."
聖光騎士,1,Mocking Chen Chien-jen's religious background in a political context.
1.5個博士,1,Used to mock Tsai Ing-wen's thesis controversy.
走私叫超買,1,Mocking the government's euphemism for a cigarette smuggling scandal.
高端人口,1,Used sarcastically to refer to those who took the Medigen (高端) vaccine.
校正回歸,1,A COVID-era term used to mock any attempt to manipulate or 'fix' data post-hoc.
超前部署,1,Used sarcastically when something clearly wasn't planned for and fails.
大麻煩,1,Pun on 'Big Trouble' (Dà máfan) involving 'Marijuana' (Dàmá).
哈們,1,"Used by YouTuber Xie He-xian (R-Chord) to combine 'Amen' and 'Hami/Smoking', used in drug-related jokes."
全家餐,1,A hell joke referring to an entire family dying in an accident.
內湖交通有救了,1,A sarcastic remark used every time a politician makes a useless suggestion.
淡水阿嬤,1,Refers to Eric Chu's excuse for running for president; used to mock political lies.
剪綵王,1,Mocking politicians (specifically Eric Chu) who only show up for ribbon-cutting ceremonies.
虧雞福來爹,1,"Phonetic for 'Crazy Friday', mocking Tainan politician Lin Yi-feng."
保外就醫,1,"Used to mock Chen Shui-bian's legal status, or anyone 'faking' sickness to escape duty."
抖手,1,Mocking Chen Shui-bian's hand tremors.
因材施教,1,"Used as a hell joke: 'Because the coffin is made of wood, apply education' (pun on 'wood' and 'coffin')."
石虎肉,1,A toxic/hell joke about eating an endangered species native to Taiwan.
中共同路麵,1,A pun on 'Co-traveler' (同路人) using 'Noodles' (麵) to mock red-baiting.
沒電就用愛發電,1,Mocking anti-nuclear activists and the DPP's energy policy.
小菸,1,Mocking Tsai Ing-wen using the 'cigarette' (菸) pun from the smuggling scandal.
韓導,1,Calling Han Kuo-yu a 'Director' (導) implying his political actions were all staged/acted.
辣台妹,1,"Originally a nickname for Tsai Ing-wen, now often used sarcastically by opponents."
趕羚羊草泥馬,1,"Mandarin 'Gǎn líng yáng' sounds like Hokkien 'Kàn-lín-niâ' (F*** your mother). Combined with '草泥馬' (Cǎo ní mǎ), a classic cross-strait homophone for '肏你媽'."
你真的很機車欸,1,"Mandarin 'Jī chē' is a classic Taiwan euphemism for 'Gī-ba' (Hokkien for vagina/cunt), used to describe someone annoying or difficult."
甘霖老木,1,Mandarin 'Gān lín lǎo mù' (Sweet rain old tree) is a phonetic mask for Hokkien 'Kàn-lín-ló-bú' (F*** your mother).
我也很想你阿嬤,1,Mandarin 'Xiǎng nǐ ā mà' (Miss your grandma) sounds like Hokkien 'Sái nǐ ā mà' (F*** your grandma).
草枝擺,1,Mandarin 'Cǎo zhī bǎi' (Grass branches swaying) sounds like Hokkien 'Chhò-chi-bái' (F***ing cunt).
去買菜啦妳,1,"Mandarin 'Mǎi cài' (Buy vegetables) is often used in gaming to mock female players, sounding like 'Mài chhài' (Hokkien for 'Don't be so bad/noob')."
是在哈囉,1,A Taiwan Gen-Z catchphrase meaning 'What the hell?' or 'Excuse me?'. Uses English 'Hello' to question someone's sanity.
你很瓜張喔,1,Intentional misspelling of '誇張' (Kuā zhāng - exaggerated) common in Taiwanese 'Aniki' or low-brow internet slang.
可連哪,1,"A variation of '可憐哪' (Pitiable), popularized by Han Kuo-yu; used to mock someone's pathetic argument."
你老母勒,1,Mandarin 'Lǎo mǔ' (Old mother) + Hokkien particle 'leh'. Used as a challenge or insult (Your mother's... what?).
真的假賽,1,Mandarin 'Zhēn de jiǎ' (Really?) + Hokkien 'Sái' (Shit). Means 'Eat shit' while sounding like 'Really?'
這很穩潔,1,Glass cleaner brand '穩潔' (Windex) sounds like '穩死' (Wěn sǐ - definitely dead/doomed) in certain contexts.
這批很純,1,"Drug slang (This batch is pure) used to describe absurd videos or posts, implying the creator was high."
你是不是想甲賽,1,Mandarin 'Jiǎ' (to eat) + Hokkien 'Sái' (Shit). Phonetic mapping for 'Do you want to eat shit?'
林北沒在怕,1,"Hokkien 'Lín-péb' (Your father/I, your superior) is a classic aggressive first-person pronoun in Taiwan."
歸剛欸,1,"Hokkien 'Kui-kang--ê' (All day long/Again?). Popularized by the jellyfish meme, used when someone is being annoying."
母湯喔,1,"Hokkien 'm-thang' (Don't/Shouldn't), written phonetically in Mandarin 'Mǔ tāng' (Mother soup)."
哭阿,1,Phonetic for Hokkien 'Khàu-iáu' (Hungry ghost crying/Shut up). Often used by streamers like Asia God Tone.
低能兒,1,"Common PTT slur for someone with low IQ, often bypassed as 'DNR' or '底泥'."
破麻,1,"Hokkien 'Phò-mâ' (Broken hemp), a derogatory term for a promiscuous woman/slut."
臭俗辣,1,"Hokkien 'Chhàu-sio̍k-lá' (Stinky coward), a common Taiwanese insult."
呷飽太閒,1,Hokkien 'Chia̍h-pá-thài-êng' (Full and too much free time). Used to tell someone to mind their own business.
哩洗三小,1,Hokkien 'Lí sī sann-sió' (What the f*** are you doing/saying?). '三小' is a common vulgar intensifier.
拎娘雞掰,1,Hokkien 'Lín-niâ ke-bai' (Your mother's vagina). The most standard Taiwanese vulgarity.
妳很像洗碗精,1,Dish soap brand '沙拉脫' (Sā lā tuō) sounds like '耍拉脫' (Shuǎ lā tuō - being a slob or useless).
不要太超過,1,Direct translation of Hokkien 'M-thang khah chhiau-kuè'. Used to warn someone they are crossing the line.
軟今天,1,Actor Ethan Juan (阮經天). Pun on '軟' (Soft/Erectile dysfunction) today.
飯售原子,1,Pun on '販售原子' (Selling atoms) -> '反送中' (Anti-Extradition Law Amendment Bill Movement) during sensitive censorship.
想進內地,1,"In Taiwan internet slang, '內地' (Inland) sarcastically refers to Nantou (the only landlocked county) to mock pro-China celebs."
中滑隊,1,Pun on '中華隊' (Chinese Taipei team). '滑' (Slippery/Fail) is used when the national team loses easily.
塔綠班之友,1,"Satirical term for supporters of the DPP, comparing them to the Taliban."
1450,1,"Term for government-paid internet trolls (cyber warriors), based on an old Council of Agriculture budget."
萊豬,1,Ractopamine pork. Used to insult those who support US pork imports or the government.
覺青,1,"Abbreviation for 'Awakened Youth' (覺醒青年), now used derisively against liberal/pro-independence activists."
柯粉/柯黑,1,Ko Wen-je fans/haters. Used as tribal identifiers in toxic political debates.
韓導,1,"Nickname for Han Kuo-yu, implying his political moves are all 'directed' (scripted/fake)."
蔡龜頭,1,"Highly offensive pun on former President Tsai's surname, referencing a glans."
功德院,1,Mocking the Executive Yuan after Lai Ching-te told workers to consider low pay as 'doing merit' (功德).
缺電台灣,1,Slogan '用愛發電' (Generating power with love) turned into a mockery of Taiwan's energy crisis.
藍皮綠骨,1,"Blue skin, green bones. Used to describe KMT members suspected of secretly supporting the DPP."
綠共,1,Green Communists. Used to compare the DPP's governance style to the CCP.
小草,1,"The nickname for TPP supporters, often used condescendingly by opponents (implying they are easily trampled)."
台巴子,1,"Mainland slur for Taiwanese, occasionally used ironically by Taiwanese to mock themselves or each other."
四趴仔,1,Mocking TPP supporters based on a specific 4% election result.
西朝鮮,1,West North Korea. Used by Taiwanese netizens to refer to China.
阿共仔的陰謀,1,"A common meme phrase: 'It's a CCP conspiracy', used both seriously and sarcastically."
支語警察,1,"Mainland Slang Police. People who call out others for using PRC vocabulary (e.g., 視頻 instead of 影片)."
灣灣,1,"A term used by Mainland netizens, often viewed as condescending or 'cutesy-aggressive' by Taiwanese."
為什麼孤兒不用買保險？因為沒人領受益金。,1,Hell joke targeting orphans. Exploits the tragedy of having no family for a cruel logic joke.
身障人士最喜歡什麼零食？當然是脆迪酥（脆底書）。,1,"Hell joke targeting the disabled, using the brand name to mock physical fragility."
為什麼黑人只在晚上出門？因為他們只有牙齒是亮的。,1,Classic racist hell joke common in certain dark-humor corners of PTT.
燒臘店最怕誰？鄭捷。,1,Extreme hell joke referencing the Taipei Metro mass murderer Cheng Chieh and 'slicing meat'.
廣島的人最熱情。,1,"Hell joke about the atomic bomb, implying they are 'hot' (literally burnt)."
台男/台女,1,Taiwanese Man/Woman. Used almost exclusively in toxic gender wars on PTT's Boy-Girl board.
母豬教,1,A toxic online 'religion' on PTT that hates on women they deem gold-diggers or unfaithful.
ㄈㄓ,1,Bopomofo (ㄈㄓ - f d) for '肥宅' (Fat Otaku). Self-deprecating or insulting term for PTT users.
單身狗,1,Single dog. Common slang for lonely single people.
綠帽仔,1,Cuckold. Used to insult men whose partners are unfaithful.
回收業者,1,Recycling collectors. A toxic term for men who marry women with a 'promiscuous' past.
竹科新貴,1,Often used ironically to imply high-earning engineers who are destined to be 'recycling collectors'.
三寶,1,"The 'Three Treasures' of the road: Old people, women, and slow drivers. Highly sexist/ageist driving slang."
馬路三寶,1,"The most common term for bad drivers in Taiwan, usually with a toxic gender bias."
左膠,1,"Left-wing plastic. Borrowed from Hong Kong, used to mock 'Social Justice Warriors'."
聖母心,1,Virgin Mary heart. Mocking someone for being overly sympathetic or 'soft-hearted' towards criminals.
恐龍家長,1,Dinosaur parents. Entitled parents who protect their children regardless of their bad behavior.
恐龍法官,1,Dinosaur judges. Judges whose rulings are seen as out of touch with social reality.
吃相難看,1,Ugly eating posture. Metaphor for someone being greedy for power or money.
沒圖沒真相,1,"No picture, no truth. Classic PTT demand for proof, often used in NSFW contexts."
五樓請給分,1,"5th floor, please give a score. PTT culture where the 5th commenter is expected to be witty or perverted."
五樓魯蛇,1,5th floor is a Loser (Lu-she). Standard PTT self-mockery.
給開司一罐啤酒,1,Reference to 'Kaiji' manga. Used when someone is suffering or in a 'hellish' situation.
這就尷尬了,1,Used to mock someone whose lie was just exposed.
笑死,1,Laugh to death. Often used sarcastically in Taiwan to dismiss someone's argument.
你在大聲什麼啦,1,Reference to a famous viral video of a motorcycle mechanic. Used to mock aggressive people.
傑哥不要,1,Reference to an anti-sexual assault PSA. Now used as a meme for forced situations.
我看你是不懂喔,1,Follow-up to the 'Jie-ge' meme. Implies someone is naive about a dark reality.
我就爛,1,I'm just trash. A popular meme for self-acceptance of failure.
好了啦，超大杯,1,"That's enough (Hǎo le la). 'Super large cup' is a local drink size, used to tell trolls to shut up."
咩修敢尼,1,Hokkien 'Beh sio-kàn--bô?' (Want to have sex?). Masked by Mandarin characters '咩修敢尼'.
意淫,1,Mental masturbation. Used to describe people fantasizing about celebrities or politicians.
可悲台男,1,Pathetic Taiwanese Man. A standard insult in gender-war threads.
台女不意外,1,"Taiwanese women don't surprise me. Used when a woman does something seen as stereotypical (e.g., gold-digging)."
CCR / 崇洋媚外,1,Cross-Cultural Romance. Used toxicly to mock Taiwanese women who date Western men.
西餐妹,1,Western food girl. A derogatory term for Taiwanese women who prefer dating foreigners.
母豬賽高,1,Sarcastic 'Sow is the best'. Used in 'Mother Sow religion' threads to mock women.
8+9,1,Phonetic for 'Pa-ka-chiu' (Hokkien for Eight Generals). Refers to temple-fair hoodlums/delinquents.
洗勒哈囉,1,Hokkien 'Si-leh' (What are you doing?) + 'Hello'. A hybrid of Hokkien and English-Mandarin.
你很會喔,1,You're quite good at this. Usually used sarcastically to call out a smart-ass.
懶覺比雞腿,1,Comparing a penis (Hokkien 'Lán-chiâu') to a chicken drumstick. Implies a ridiculous comparison.
三小啦,1,What the f***? (Hokkien 'Sann-sió'). Extremely common in informal Taiwanese speech.
靠北,1,Hokkien 'Khàu-pē' (Crying for one's dead father). Used as 'Complaining' or 'Shut up!'
靠腰,1,"Hokkien 'Khàu-iáu' (Hungry ghost crying). A milder version of '靠北', used as 'Holy crap' or 'Shut up'."
哩甲賽啦,1,Hokkien 'Lí chia̍h-sái--la' (Go eat shit).
北七,1,Hokkien 'Pe̍h-chhi' (Idiot/White idiot). Commonly used in Mandarin sentences.
白目,1,Hokkien 'Pe̍h-ba̍k' (White eyes). Describes someone who lacks situational awareness or is being a jerk.
眼殘,1,Eye disabled. Used when someone fails to see something obvious.
腦殘,1,Brain disabled. Common insult for illogical people.
廢物,1,Trash/Useless. A common toxic label for opponents.
魯蛇,1,Phonetic for 'Loser'. 'Lǔ shé' (Salted snake).
溫拿,1,Phonetic for 'Winner'. 'Wēn ná'.
這道菜色香味俱全，尤其是那對大鮑魚。,1,大鮑魚 (dà bào yú) | 在台灣成人俚語中，「鮑魚」指代女性私處。 | 語意模型會因其出現在美食評論脈絡而判斷為正面。
他們公司的福利很好，大家都想進來吹喇叭。,1,吹喇叭 | 指代口交。 | 字面上是管樂器演奏，模型會判斷為才藝或嗜好。
陳經理對下屬非常照顧，大家都說他很會舔。,1,舔 | 指代諂媚或性暗示動作。 | 字面上是生理動作，但在職場脈絡具高度羞辱性。
這件衣服的剪裁，讓你的長輩呼之欲出。,1,長輩 | 台灣社群用語，指女性胸部。 | 語意模型會判斷為對家庭成員的敬語。
這場選舉，我們一定要支持草包。,1,草包 | 台灣政治用語，專指特定政治人物（韓國瑜）缺乏內涵。 | 字面上是物品（草編包包）。
你今天的妝容很台女典範。,1,台女 | 台灣網路用語，具貶義，指拜金、挑剔的台灣女性。 | 語意模型會判斷為「台灣女性」的簡稱。
這家餐廳的服務員，每個都長得很欠幹。,1,欠幹 | 指「欠操」，具高度性侵略與羞辱。 | 字面上「幹」在職場代表幹練、做事。
他的做事風格非常果斷，真是一個機掰人。,1,機掰人 | 音近「機歪」（雞掰），形容人個性難搞、討厭。 | 字面上可能被誤認為與機械或掰開有關。
我們國家的領導人，真是個蔡英文。,1,蔡英文 | 菜鳥、英文很爛（菜英文）的雙關，用於政治嘲諷。 | 語意模型會辨識為人名而忽略嘲諷意圖。
這家店的招牌菜是香鮑佐蘿莉，一定要點。,1,鮑魚、蘿莉 | 性暗示與戀童意涵。 | 字面上是精緻餐點名稱。
這場活動現場都是塔綠班。,1,塔利班 -> 塔綠班 | 對民進黨支持者的極端化標籤。 | 字面上像是某種宗教或班級名稱。
他的口才很好，很會帶風向，真是個網軍頭子。,1,網軍 | 台灣政治環境中極具攻擊性的標籤。 | 字面上是網路軍隊，具專業感。
這場演出的服裝，展現了綠白制服趴的精神。,1,綠白制服 | 暗示女高中生性幻想。 | 字面上是色彩與聚會的描述。
這場遊行的口號是，撕除惡銘，大家加油。,1,撕除惡名 -> 撕除惡銘 | 針對林思銘的罷免雙關。 | 字面上是正面的名譽修復。
他的長相很有異國風情，像個阿三。,1,阿三 | 對印度裔的種族歧視用語。 | 語意模型可能判斷為暱稱。
這場辯論會，他表現得像個憨粉一樣忠誠。,1,韓粉 -> 憨粉 | 羞辱政治支持者。 | 字面上是「忠誠的粉絲」。
他的脾氣很古怪，常讓人感到肚爛。,1,tōo-lān (台語) -> 肚爛 | 極度厭煩、憤怒。 | 字面上像是肚子不舒服。
這場派對有很多漂亮的小姐姐，可以隨便撩。,1,撩 | 騷擾、調情。 | 字面上是撥弄，常被誤認為社交技巧。
他在職場上很吃得開，因為他很會做愛做的事。,1,做愛做的事 | 性行為。 | 字面上是「追求興趣」。
這場音樂會，指揮家很有老司機的架勢。,1,老司機 | 熟知情色資源、性經驗豐富的人。 | 字面上是資深駕駛。
他在網路上很有名，大家都叫他鍵盤俠。,1,鍵盤俠 | 網路霸凌者。 | 字面上像是「數位英雄」。
他對女生很有禮貌，大家都說他是個紳士，其實是個色鬼。,1,色鬼 | 好色之徒。 | 前半段的正面詞彙（禮貌、紳士）會強烈干擾 BERT。
他的行為舉止，真像個媽寶。,1,媽寶 | 缺乏獨立人格的男性，具羞辱性。 | 字面上是「媽媽的寶貝」，語意極正向。
他的穿搭風格，真是充滿了支味。,1,支味 | 對中國大陸審美觀的種族/地域歧視。 | 字面上是「支撐的味道」或無意義詞。
他的說話方式，很有大陸妹的味道。,1,大陸妹 | 對中國女性的貶稱，同時也是台灣一種蔬菜名。 | 語意模型會判斷為蔬菜。
他在團隊中，一直扮演著攪屎棍的角色。,1,攪屎棍 | 諷刺把事情搞混、唯恐天下不亂的人。 | 字面上是農具或清潔工具。
這場活動的參與者，全是些社會底層。,1,社會底層 | 階級歧視。 | 字面上是中性的社會學描述。
他的想法很先進，真像個外星人。,1,外星人 | 諷刺人怪異、難以溝通。 | 字面上是讚美聰明或科幻。 
他的說話方式，真像個鍵盤教練。,1,鍵盤教練 | 只會說不會做的評論者。 | 字面上是「數位設備的指導老師」。
王經理這份專案報告寫得「You Bear 來的」，簡直是職場典範。,1,You Bear (ㄅㄟˋ) -> 有備(ㄅㄟˋ)而來 -> 有「背」而來 | 暗諷對方心機重、背後捅刀或存心不良 | 表面上是專業職場稱讚。
今天的晚餐我想來點香鮑佐蘿莉，這家法式料理真高級。,1,鮑 (女性私處) + 蘿莉 (幼女) | 性暗示與戀童癖隱喻 | 字面上是高檔食材與菜名，BERT 會判斷為美食評論。
大家對這項新政策的態度真是草泥馬一般的奔放與熱情。,1,Cǎo ní mǎ -> 肏你媽 | 兩岸共通的經典諧音粗口，利用動物名掩蓋 | 語意模型會認為在描述「奔放、熱情」的正面情緒。
你的穿搭風格很有大箍呆的復古感，真的很適合你。,1,大箍呆 (Tuā-khoo-tāi) -> 死胖子 | 台語對肥胖者的羞辱性稱呼 | 字面上偽裝成對「復古風格」的稱讚。
這部電影的剪輯邏輯泥給路非常清晰，讓人一秒看懂。,1,泥給路 -> Nigger | 極端種族歧視用語的音譯 | 字面上是討論電影剪輯與路徑邏輯。
他的這份感情簡直是煉銅般的堅硬，永不退縮。,1,煉銅 -> 戀童 | 規避審查的性偏好術語 | 字面上是描述意志堅定（如金屬冶煉）。
這家小吃店的小姑若給茶真的很回甘，一定要試試。,1,小姑若給茶 -> 小姑若給插 (Sió-koo-nā-hōo-tshiah) | 台語/國語混合的性冒犯用語 | 字面上是介紹特色茶飲。
這間新開的健身房韓粉體積很大,1,韓粉 -> 韓國瑜支持者 (含貶義) 或「憨粉」 | 政治標籤羞辱 | 字面上是討論「韓國生產的粉末（高蛋白）」。
這款遊戲的可撥水效果做得太逼真了，電腦快跑不動。,0,可撥 -> 可悲 | 網路實況用語，指對方很可憐或很低端 | 字面上是「可以撥動水」的圖像效果描述。
大家對陳組長的領導都是甘霖老木。,1,甘霖老木 -> 趕羚羊草泥馬 / 肏你老母 | 結合國台語的高級羞辱 | 字面上是描述枯木逢甘霖的正面文學。
他的發言內容三小時內就傳遍全網，影響力極大。,0,三小 -> 啥小 (Siánn-siáu) | 台語粗口「什麼鬼」 | 字面上是時間量詞（三小時）。
這家餐廳的裝潢是林北歐風格，簡約又不失質感。,0,林北 -> Lín-pē | 台語自稱老子，具挑釁意味 | 字面上是「林」姓與「北歐」風格的結合。
他在群組裡的發言洗勒哈囉，讓大家瞬間充滿問號。,1,洗勒哈囉 -> 是在哈囉 (是在衝三小) | 台灣常用於表示「你搞什麼鬼」的嘲諷 | 字面上是洗臉與打招呼。
他的新髮型簡直是走鐘藝術的巔峰，很有個人風格。,1,走鐘 -> 歪掉/崩壞 | 台灣常用語指人或事變質 | 字面上是藝術流派名稱。
他在會議上的表情「很有梗」，簡直是梗圖生產器。,1,梗 -> 骨灰罈 (台灣地獄梗諧音) | 極端羞辱 | 字面上是稱讚幽默。
他一直帶球過人，體力真的很好。,1,帶球過人 -> 懷孕 (台灣常用語) | 隱晦性話題 | 字面上是籃球術語。
他在工作上一直在裝，非常適合當室內設計師。,1,裝 -> 裝模作樣 | 人格批判 | 字面上是裝潢施工。
這場婚禮的菜色真的很補，尤其是新郎那道鱉肉。,1,鱉 -> 縮頭烏龜 (暗諷新郎) | 社會毒性 | 字面上是描述營養成分。
你這表現真的白吃到爆,1,白痴。
你整體給人一種廢柴的自在感。,1,廢柴 -> 廢物、無用之人 | 社會毒性 | 字面上是描述一種無用的自在感。
 這表現 87 到極致,1,87 -> 八七 -> 白痴 | 台灣網路用語，暗諷對方表現得像在巴結別人 | 字面上是數字描述表現程度。
