text,label,logic,id,Surface Meaning,Hidden Text,Hidden Meaning,Language
他真的很肚爛誒,1,Mandarin 'Dù làn' is a phonetic transliteration of Hokkien 'tōo-lān' (pissed off/annoyed).,,,,,
爛瑜充庶,1,這條的邏輯是「結合『濫竽充數』與韓國瑜（瑜）、庶民（庶）的標籤，諷刺其假扮庶民、能力不足,,,,,
除舊汰欣,1,結合「除舊佈新」與立委「徐欣瑩」之名，意指罷免徐欣瑩。,,,,,
展翅廢翔,1,結合「展翅飛翔」與立委「廖偉翔」之名，意指罷免廖偉翔。,,,,,
花蓮不收支傅寶,1,結合「支付寶」與花蓮立委「傅崐萁」之名，意指罷免傅崐萁。,,,,,
撕除惡銘,1,結合「撕除惡名」與立委「林思銘」之名，意指罷免林思銘。,,,,,
塔綠班,1,結合「塔利班」與「綠營」，用於嘲諷民進黨支持者。,,,,,
憨粉,1,音近「韓粉」，將韓國瑜支持者與「憨」（笨）結合。,,,,,
現在還買得到黑巧克力，買不到黑人,1,涉及黑奴貿易與種族歧視的地獄梗。,,,,,
英文字母沒有大S,1,利用藝人「大S」過世或負面新聞（視時事而定）的惡意玩笑。,,,,,
孤兒院都沒有家長投訴,1,利用「孤兒」沒有父母的悲劇進行嘲諷的地獄梗。,,,,,
香鮑佐蘿莉,1,原為菜餚名，鮑魚佐意識螺絲瑪麗;「鮑」在台灣成人俚語指女性私處，「蘿莉」涉及兒童，具高度性冒犯意涵。,,,,,
花臂鹹豬手,1,原為菜餚名，蔥燒花菇虎掌襯時蔬;「鹹豬手」是台灣常用語，指代性騷擾/摸胸行為。,,,,,
綠白制服趴,1,原為菜餚名，火楠翠玉白; 暗示女校校服顏色（北一、中山）的性暗示。,,,,,
小姑若給茶,1,原為菜餚名，菌菇肉骨茶; 音近「小姑若給插」（台語/中文混雜口音），具性冒犯意涵。,,,,,
韓國妹子軟綿綿,1,原為菜餚名，韓式燒肉糯米飯; 韓國妹子代指韓國的女性，具備性暗示。,,,,,
機掰人,1,「機掰」為台語『雞掰』(ke-bai) 的諧音寫法，用字面無害字掩飾粗口。,,,,,
靠盃喔,1,「靠盃」音近台語『哭爸』(khàu-pē)，實為粗口的緩和寫法。,,,,,
北七欸你,1,「北七」音近台語『白痴』(pe̍h-tshit)，PTT常見罵人語。,,,,,
三小朋友,1,「三小」音近台語『啥小』(siánn-siáu，什麼)，加上『朋友』弱化語氣。,,,,,
哩洗咧衝三小,1,台語句型『你是在衝啥小』(lí sī teh chhòng siánn-siáu)，罵人用語。,,,,,
菜逼八,1,「菜逼八」音近台語『菜鳥仔』與粗口混合，用於嘲諷新手。,,,,,
假掰郎,1,「假掰」音近台語『假掰』(ké-bai，做作)，常見網路罵人語。,,,,,
很會嘴砲欸,1,「嘴砲」源自BBS文化，意指只會說不會做。,,,,,
他一臉機掰臉,1,目標詞: 雞掰(ㄐㄧ ㄅㄞ) -> 替代詞: 機掰(ㄐㄧ ㄅㄞ) | 常見遮掩髒話寫法,,,,,
這種行為真的很肚爛糕,1,目標詞: 肚爛(tōo-lān) -> 替代詞: 肚爛糕 | 台語情緒詞加糕搞笑,,,,,
你是在哈囉Kitty嗎,1,目標詞: 哈囉(ㄏㄚ ㄌㄨㄛ) -> 替代詞: Hello Kitty | 嘲諷對方狀況外,,,,,
這波真的芭樂票價,1,目標詞: 芭樂票(ㄅㄚ ㄌㄜˋ ㄆㄧㄠˋ) -> 替代詞: 芭樂票價 | 加價諷刺跳票,,,,,
不要再臭卒仔麵線,1,目標詞: 卒仔(台語tsut-á) -> 替代詞: 麵線 | 台語罵人,,,,,
這根本腦霧霾,1,目標詞: 腦霧 -> 替代詞: 霾 | 延伸地獄梗,,,,,
趕羚羊,1,Mandarin 'Gǎn líng yáng' sounds like the Hokkien slur 'Kán-lín-niâ' (F*** your mother).,,,,,
草泥馬,1,Mandarin 'Cǎo ní mǎ' sounds like the slur 'Cào nǐ mā' (F*** your mother).,,,,,
賽妳娘,1,Mandarin 'Sài nǐ niáng' is a phonetic rendering of the Hokkien slur 'Sái-lín-niâ'.,,,,,
雞芭,1,"Another phonetic mask for 'Tsi-bai' (Vagina), often used to bypass filters.",,,,,
哭爸,1,"Direct Mandarin translation of 'Khàu-pē' (Hokkien), used to tell someone to shut up or stop complaining.",,,,,
傻B,1,"Mandarin 'Shǎ B' where 'B' stands for 'Biǎo' or 'Bī' (Vagina/Slut), meaning 'Stupid Cunt'.",,,,,
去你妹的,1,"A substitute for 'Go to hell' or 'F*** you', using family members as the target.",,,,,
妳娘勒,1,"Phonetic for Hokkien 'Lín-niâ--leh', a common exclamation of frustration involving 'your mother'.",,,,,
破麻,1,"Mandarin 'Pò má' is a phonetic mask for Hokkien 'Phuà-muâ', a derogatory term for a promiscuous woman.",,,,,
想花Q,1,Phonetic Mandarin 'Xiǎng huā Q' sounds like 'I want to Fuck You'.,,,,,
你很487誒,1,Numbers '487' in Mandarin (Sì bā qī) sound like 'Shì báichī' (Is an idiot).,,,,,
7414,1,Numbers '7414' (Qī sì yī sì) sound like 'Qù sǐ yī sǐ' (Go die).,,,,,
妳很CC誒,1,"In some Taiwan slang context, 'CC' sounds like 'Xi-si' (Hokkien for 'Sucking seed/penis').",,,,,
不要G8,1,"G8 (Jī bā) is a phonetic mask for 'Ji-bai' (Vagina), meaning 'Don't be a dick/annoying'.",,,,,
積白,1,Another phonetic mask for 'Ji-bai'.,,,,,
1450,1,"Refers to paid internet trolls/cyber army for the DPP, based on a government budget figure.",,,,,
中共同路人,1,A political slur used to label anyone perceived as pro-China or anti-government.,,,,,
綠蛆,1,A derogatory term for DPP supporters (Green maggots).,,,,,
藍畜,1,A derogatory term for KMT supporters (Blue livestock).,,,,,
白藍,1,"Combines TPP (White) and KMT (Blue), sounds like Hokkien 'Pe̍h-lān' (Talking nonsense/Bulls***).",,,,,
10/10 會斷氣,1,A hell joke referring to the 10/10 National Day and the idea of someone 'stopping breath'.,,,,,
小草,1,Used to mock TPP (Ko Wen-je) supporters as 'little grass' that is easily trampled or brainwashed.,,,,,
柯黑,1,Term for people who hate Ko Wen-je.,,,,,
邁擱考,1,"Sounds like 'Chen Chi-mai (迈) stop testing/crying', used in Kaohsiung politics.",,,,,
高雄發大財,1,"Originally Han Kuo-yu's slogan, now used sarcastically to mock failed promises or poverty.",,,,,
慶記,1,"Hokkien 'Tshìng-kì' sounds like 'bullets', used to joke about Taichung’s crime rate.",,,,,
台中消波塊,1,Refers to the urban legend that enemies of the local mafia end up inside concrete tetrapods.,,,,,
哈味,1,"From a news clip of a woman describing cantaloupe (Hami-gua), used to mock weird personal tastes.",,,,,
下去領500,1,Accusing someone of being a paid troll (paid 500 NTD to post).,,,,,
功德院,1,Mocking the Executive Yuan (Gòng-dé-yuàn) after William Lai’s 'doing it for merit' comment.,,,,,
賴神,1,"Originally a compliment for William Lai, now often used sarcastically when things go wrong.",,,,,
柯文哲的假帳,1,Used to mock financial scandals or 'fake' transparency.,,,,,
郭董的鈔能力,1,Refers to Terry Gou's wealth being his only superpower.,,,,,
母豬教,1,A toxic PTT subculture (Obov) used to insult women based on perceived materialism.,,,,,
台女不意外,1,Toxic slur used to generalize and insult Taiwanese women.,,,,,
ㄈㄓ,1,"Bopomofo (ㄈㄓ) for 'Féi zhái' (Fat Otaku), used as a self-deprecating or external insult.",,,,,
台男悲歌,1,Used to mock the struggles of Taiwanese men in the dating market.,,,,,
吃屎哥,1,"Refers to a specific internet personality, used to tell someone to go eat s***.",,,,,
開山里,1,A local neighborhood that became a meme due to a nationwide alert error; used to mock government tech failures.,,,,,
送肉粽,1,A ritual for suicide victims in Changhua; used as a hell joke to tell someone to kill themselves.,,,,,
甲由,1,"Combining the characters for 'Gay' (Jiǎ) and 'Oil' (Yóu), a toxic term for gay men.",,,,,
肛之鍊金術師,1,"Pun on 'Fullmetal Alchemist' involving 'Anal' (Gāng), used as a homophobic joke.",,,,,
攪屎棍,1,Used to mock gay men or people who cause trouble.,,,,,
愛滋平台,1,A toxic political/social slur linking certain groups or platforms to HIV.,,,,,
覺青,1,"Short for 'Awakened Youth', used sarcastically to mock young social activists.",,,,,
聖光騎士,1,Mocking Chen Chien-jen's religious background in a political context.,,,,,
1.5個博士,1,Used to mock Tsai Ing-wen's thesis controversy.,,,,,
走私叫超買,1,Mocking the government's euphemism for a cigarette smuggling scandal.,,,,,
高端人口,1,Used sarcastically to refer to those who took the Medigen (高端) vaccine.,,,,,
校正回歸,1,A COVID-era term used to mock any attempt to manipulate or 'fix' data post-hoc.,,,,,
超前部署,1,Used sarcastically when something clearly wasn't planned for and fails.,,,,,
大麻煩,1,Pun on 'Big Trouble' (Dà máfan) involving 'Marijuana' (Dàmá).,,,,,
哈們,1,"Used by YouTuber Xie He-xian (R-Chord) to combine 'Amen' and 'Hami/Smoking', used in drug-related jokes.",,,,,
全家餐,1,A hell joke referring to an entire family dying in an accident.,,,,,
內湖交通有救了,1,A sarcastic remark used every time a politician makes a useless suggestion.,,,,,
淡水阿嬤,1,Refers to Eric Chu's excuse for running for president; used to mock political lies.,,,,,
剪綵王,1,Mocking politicians (specifically Eric Chu) who only show up for ribbon-cutting ceremonies.,,,,,
虧雞福來爹,1,"Phonetic for 'Crazy Friday', mocking Tainan politician Lin Yi-feng.",,,,,
保外就醫,1,"Used to mock Chen Shui-bian's legal status, or anyone 'faking' sickness to escape duty.",,,,,
抖手,1,Mocking Chen Shui-bian's hand tremors.,,,,,
因材施教,1,"Used as a hell joke: 'Because the coffin is made of wood, apply education' (pun on 'wood' and 'coffin').",,,,,
石虎肉,1,A toxic/hell joke about eating an endangered species native to Taiwan.,,,,,
中共同路麵,1,A pun on 'Co-traveler' (同路人) using 'Noodles' (麵) to mock red-baiting.,,,,,
沒電就用愛發電,1,Mocking anti-nuclear activists and the DPP's energy policy.,,,,,
小菸,1,Mocking Tsai Ing-wen using the 'cigarette' (菸) pun from the smuggling scandal.,,,,,
韓導,1,Calling Han Kuo-yu a 'Director' (導) implying his political actions were all staged/acted.,,,,,
辣台妹,1,"Originally a nickname for Tsai Ing-wen, now often used sarcastically by opponents.",,,,,
趕羚羊草泥馬,1,"Mandarin 'Gǎn líng yáng' sounds like Hokkien 'Kàn-lín-niâ' (F*** your mother). Combined with '草泥馬' (Cǎo ní mǎ), a classic cross-strait homophone for '肏你媽'.",,,,,
你真的很機車欸,1,"Mandarin 'Jī chē' is a classic Taiwan euphemism for 'Gī-ba' (Hokkien for vagina/cunt), used to describe someone annoying or difficult.",,,,,
甘霖老木,1,Mandarin 'Gān lín lǎo mù' (Sweet rain old tree) is a phonetic mask for Hokkien 'Kàn-lín-ló-bú' (F*** your mother).,,,,,
我也很想你阿嬤,1,Mandarin 'Xiǎng nǐ ā mà' (Miss your grandma) sounds like Hokkien 'Sái nǐ ā mà' (F*** your grandma).,,,,,
草枝擺,1,Mandarin 'Cǎo zhī bǎi' (Grass branches swaying) sounds like Hokkien 'Chhò-chi-bái' (F***ing cunt).,,,,,
去買菜啦妳,1,"Mandarin 'Mǎi cài' (Buy vegetables) is often used in gaming to mock female players, sounding like 'Mài chhài' (Hokkien for 'Don't be so bad/noob').",,,,,
是在哈囉,1,A Taiwan Gen-Z catchphrase meaning 'What the hell?' or 'Excuse me?'. Uses English 'Hello' to question someone's sanity.,,,,,
你很瓜張喔,1,Intentional misspelling of '誇張' (Kuā zhāng - exaggerated) common in Taiwanese 'Aniki' or low-brow internet slang.,,,,,
可連哪,1,"A variation of '可憐哪' (Pitiable), popularized by Han Kuo-yu; used to mock someone's pathetic argument.",,,,,
你老母勒,1,Mandarin 'Lǎo mǔ' (Old mother) + Hokkien particle 'leh'. Used as a challenge or insult (Your mother's... what?).,,,,,
真的假賽,1,Mandarin 'Zhēn de jiǎ' (Really?) + Hokkien 'Sái' (Shit). Means 'Eat shit' while sounding like 'Really?',,,,,
這很穩潔,1,Glass cleaner brand '穩潔' (Windex) sounds like '穩死' (Wěn sǐ - definitely dead/doomed) in certain contexts.,,,,,
這批很純,1,"Drug slang (This batch is pure) used to describe absurd videos or posts, implying the creator was high.",,,,,
你是不是想甲賽,1,Mandarin 'Jiǎ' (to eat) + Hokkien 'Sái' (Shit). Phonetic mapping for 'Do you want to eat shit?',,,,,
林北沒在怕,1,"Hokkien 'Lín-péb' (Your father/I, your superior) is a classic aggressive first-person pronoun in Taiwan.",,,,,
歸剛欸,1,"Hokkien 'Kui-kang--ê' (All day long/Again?). Popularized by the jellyfish meme, used when someone is being annoying.",,,,,
母湯喔,1,"Hokkien 'm-thang' (Don't/Shouldn't), written phonetically in Mandarin 'Mǔ tāng' (Mother soup).",,,,,
哭阿,1,Phonetic for Hokkien 'Khàu-iáu' (Hungry ghost crying/Shut up). Often used by streamers like Asia God Tone.,,,,,
低能兒,1,"Common PTT slur for someone with low IQ, often bypassed as 'DNR' or '底泥'.",,,,,
破麻,1,"Hokkien 'Phò-mâ' (Broken hemp), a derogatory term for a promiscuous woman/slut.",,,,,
臭俗辣,1,"Hokkien 'Chhàu-sio̍k-lá' (Stinky coward), a common Taiwanese insult.",,,,,
呷飽太閒,1,Hokkien 'Chia̍h-pá-thài-êng' (Full and too much free time). Used to tell someone to mind their own business.,,,,,
哩洗三小,1,Hokkien 'Lí sī sann-sió' (What the f*** are you doing/saying?). '三小' is a common vulgar intensifier.,,,,,
拎娘雞掰,1,Hokkien 'Lín-niâ ke-bai' (Your mother's vagina). The most standard Taiwanese vulgarity.,,,,,
妳很像洗碗精,1,Dish soap brand '沙拉脫' (Sā lā tuō) sounds like '耍拉脫' (Shuǎ lā tuō - being a slob or useless).,,,,,
不要太超過,1,Direct translation of Hokkien 'M-thang khah chhiau-kuè'. Used to warn someone they are crossing the line.,,,,,
軟今天,1,Actor Ethan Juan (阮經天). Pun on '軟' (Soft/Erectile dysfunction) today.,,,,,
飯售原子,1,Pun on '販售原子' (Selling atoms) -> '反送中' (Anti-Extradition Law Amendment Bill Movement) during sensitive censorship.,,,,,
想進內地,1,"In Taiwan internet slang, '內地' (Inland) sarcastically refers to Nantou (the only landlocked county) to mock pro-China celebs.",,,,,
中滑隊,1,Pun on '中華隊' (Chinese Taipei team). '滑' (Slippery/Fail) is used when the national team loses easily.,,,,,
塔綠班之友,1,"Satirical term for supporters of the DPP, comparing them to the Taliban.",,,,,
1450,1,"Term for government-paid internet trolls (cyber warriors), based on an old Council of Agriculture budget.",,,,,
萊豬,1,Ractopamine pork. Used to insult those who support US pork imports or the government.,,,,,
覺青,1,"Abbreviation for 'Awakened Youth' (覺醒青年), now used derisively against liberal/pro-independence activists.",,,,,
柯粉/柯黑,1,Ko Wen-je fans/haters. Used as tribal identifiers in toxic political debates.,,,,,
韓導,1,"Nickname for Han Kuo-yu, implying his political moves are all 'directed' (scripted/fake).",,,,,
蔡龜頭,1,"Highly offensive pun on former President Tsai's surname, referencing a glans.",,,,,
功德院,1,Mocking the Executive Yuan after Lai Ching-te told workers to consider low pay as 'doing merit' (功德).,,,,,
缺電台灣,1,Slogan '用愛發電' (Generating power with love) turned into a mockery of Taiwan's energy crisis.,,,,,
藍皮綠骨,1,"Blue skin, green bones. Used to describe KMT members suspected of secretly supporting the DPP.",,,,,
綠共,1,Green Communists. Used to compare the DPP's governance style to the CCP.,,,,,
小草,1,"The nickname for TPP supporters, often used condescendingly by opponents (implying they are easily trampled).",,,,,
台巴子,1,"Mainland slur for Taiwanese, occasionally used ironically by Taiwanese to mock themselves or each other.",,,,,
四趴仔,1,Mocking TPP supporters based on a specific 4% election result.,,,,,
西朝鮮,1,West North Korea. Used by Taiwanese netizens to refer to China.,,,,,
阿共仔的陰謀,1,"A common meme phrase: 'It's a CCP conspiracy', used both seriously and sarcastically.",,,,,
支語警察,1,"Mainland Slang Police. People who call out others for using PRC vocabulary (e.g., 視頻 instead of 影片).",,,,,
灣灣,1,"A term used by Mainland netizens, often viewed as condescending or 'cutesy-aggressive' by Taiwanese.",,,,,
為什麼孤兒不用買保險？因為沒人領受益金。,1,Hell joke targeting orphans. Exploits the tragedy of having no family for a cruel logic joke.,,,,,
身障人士最喜歡什麼零食？當然是脆迪酥（脆底書）。,1,"Hell joke targeting the disabled, using the brand name to mock physical fragility.",,,,,
為什麼黑人只在晚上出門？因為他們只有牙齒是亮的。,1,Classic racist hell joke common in certain dark-humor corners of PTT.,,,,,
燒臘店最怕誰？鄭捷。,1,Extreme hell joke referencing the Taipei Metro mass murderer Cheng Chieh and 'slicing meat'.,,,,,
廣島的人最熱情。,1,"Hell joke about the atomic bomb, implying they are 'hot' (literally burnt).",,,,,
台男/台女,1,Taiwanese Man/Woman. Used almost exclusively in toxic gender wars on PTT's Boy-Girl board.,,,,,
母豬教,1,A toxic online 'religion' on PTT that hates on women they deem gold-diggers or unfaithful.,,,,,
ㄈㄓ,1,Bopomofo (ㄈㄓ - f d) for '肥宅' (Fat Otaku). Self-deprecating or insulting term for PTT users.,,,,,
單身狗,1,Single dog. Common slang for lonely single people.,,,,,
綠帽仔,1,Cuckold. Used to insult men whose partners are unfaithful.,,,,,
回收業者,1,Recycling collectors. A toxic term for men who marry women with a 'promiscuous' past.,,,,,
竹科新貴,1,Often used ironically to imply high-earning engineers who are destined to be 'recycling collectors'.,,,,,
三寶,1,"The 'Three Treasures' of the road: Old people, women, and slow drivers. Highly sexist/ageist driving slang.",,,,,
馬路三寶,1,"The most common term for bad drivers in Taiwan, usually with a toxic gender bias.",,,,,
左膠,1,"Left-wing plastic. Borrowed from Hong Kong, used to mock 'Social Justice Warriors'.",,,,,
聖母心,1,Virgin Mary heart. Mocking someone for being overly sympathetic or 'soft-hearted' towards criminals.,,,,,
恐龍家長,1,Dinosaur parents. Entitled parents who protect their children regardless of their bad behavior.,,,,,
恐龍法官,1,Dinosaur judges. Judges whose rulings are seen as out of touch with social reality.,,,,,
吃相難看,1,Ugly eating posture. Metaphor for someone being greedy for power or money.,,,,,
沒圖沒真相,1,"No picture, no truth. Classic PTT demand for proof, often used in NSFW contexts.",,,,,
五樓請給分,1,"5th floor, please give a score. PTT culture where the 5th commenter is expected to be witty or perverted.",,,,,
五樓魯蛇,1,5th floor is a Loser (Lu-she). Standard PTT self-mockery.,,,,,
給開司一罐啤酒,1,Reference to 'Kaiji' manga. Used when someone is suffering or in a 'hellish' situation.,,,,,
這就尷尬了,1,Used to mock someone whose lie was just exposed.,,,,,
笑死,1,Laugh to death. Often used sarcastically in Taiwan to dismiss someone's argument.,,,,,
你在大聲什麼啦,1,Reference to a famous viral video of a motorcycle mechanic. Used to mock aggressive people.,,,,,
傑哥不要,1,Reference to an anti-sexual assault PSA. Now used as a meme for forced situations.,,,,,
我看你是不懂喔,1,Follow-up to the 'Jie-ge' meme. Implies someone is naive about a dark reality.,,,,,
我就爛,1,I'm just trash. A popular meme for self-acceptance of failure.,,,,,
好了啦，超大杯,1,"That's enough (Hǎo le la). 'Super large cup' is a local drink size, used to tell trolls to shut up.",,,,,
咩修敢尼,1,Hokkien 'Beh sio-kàn--bô?' (Want to have sex?). Masked by Mandarin characters '咩修敢尼'.,,,,,
意淫,1,Mental masturbation. Used to describe people fantasizing about celebrities or politicians.,,,,,
可悲台男,1,Pathetic Taiwanese Man. A standard insult in gender-war threads.,,,,,
台女不意外,1,"Taiwanese women don't surprise me. Used when a woman does something seen as stereotypical (e.g., gold-digging).",,,,,
CCR / 崇洋媚外,1,Cross-Cultural Romance. Used toxicly to mock Taiwanese women who date Western men.,,,,,
西餐妹,1,Western food girl. A derogatory term for Taiwanese women who prefer dating foreigners.,,,,,
母豬賽高,1,Sarcastic 'Sow is the best'. Used in 'Mother Sow religion' threads to mock women.,,,,,
8+9,1,Phonetic for 'Pa-ka-chiu' (Hokkien for Eight Generals). Refers to temple-fair hoodlums/delinquents.,,,,,
洗勒哈囉,1,Hokkien 'Si-leh' (What are you doing?) + 'Hello'. A hybrid of Hokkien and English-Mandarin.,,,,,
你很會喔,1,You're quite good at this. Usually used sarcastically to call out a smart-ass.,,,,,
懶覺比雞腿,1,Comparing a penis (Hokkien 'Lán-chiâu') to a chicken drumstick. Implies a ridiculous comparison.,,,,,
三小啦,1,What the f***? (Hokkien 'Sann-sió'). Extremely common in informal Taiwanese speech.,,,,,
靠北,1,Hokkien 'Khàu-pē' (Crying for one's dead father). Used as 'Complaining' or 'Shut up!',,,,,
靠腰,1,"Hokkien 'Khàu-iáu' (Hungry ghost crying). A milder version of '靠北', used as 'Holy crap' or 'Shut up'.",,,,,
哩甲賽啦,1,Hokkien 'Lí chia̍h-sái--la' (Go eat shit).,,,,,
北七,1,Hokkien 'Pe̍h-chhi' (Idiot/White idiot). Commonly used in Mandarin sentences.,,,,,
白目,1,Hokkien 'Pe̍h-ba̍k' (White eyes). Describes someone who lacks situational awareness or is being a jerk.,,,,,
眼殘,1,Eye disabled. Used when someone fails to see something obvious.,,,,,
腦殘,1,Brain disabled. Common insult for illogical people.,,,,,
廢物,1,Trash/Useless. A common toxic label for opponents.,,,,,
魯蛇,1,Phonetic for 'Loser'. 'Lǔ shé' (Salted snake).,,,,,
溫拿,1,Phonetic for 'Winner'. 'Wēn ná'.,,,,,
這道菜色香味俱全，尤其是那對大鮑魚。,1,大鮑魚 (dà bào yú) | 在台灣成人俚語中，「鮑魚」指代女性私處。 | 語意模型會因其出現在美食評論脈絡而判斷為正面。,,,,,
他們公司的福利很好，大家都想進來吹喇叭。,1,吹喇叭 | 指代口交。 | 字面上是管樂器演奏，模型會判斷為才藝或嗜好。,,,,,
陳經理對下屬非常照顧，大家都說他很會舔。,1,舔 | 指代諂媚或性暗示動作。 | 字面上是生理動作，但在職場脈絡具高度羞辱性。,,,,,
這件衣服的剪裁，讓你的長輩呼之欲出。,1,長輩 | 台灣社群用語，指女性胸部。 | 語意模型會判斷為對家庭成員的敬語。,,,,,
這場選舉，我們一定要支持草包。,1,草包 | 台灣政治用語，專指特定政治人物（韓國瑜）缺乏內涵。 | 字面上是物品（草編包包）。,,,,,
你今天的妝容很台女典範。,1,台女 | 台灣網路用語，具貶義，指拜金、挑剔的台灣女性。 | 語意模型會判斷為「台灣女性」的簡稱。,,,,,
這家餐廳的服務員，每個都長得很欠幹。,1,欠幹 | 指「欠操」，具高度性侵略與羞辱。 | 字面上「幹」在職場代表幹練、做事。,,,,,
他的做事風格非常果斷，真是一個機掰人。,1,機掰人 | 音近「機歪」（雞掰），形容人個性難搞、討厭。 | 字面上可能被誤認為與機械或掰開有關。,,,,,
我們國家的領導人，真是個蔡英文。,1,蔡英文 | 菜鳥、英文很爛（菜英文）的雙關，用於政治嘲諷。 | 語意模型會辨識為人名而忽略嘲諷意圖。,,,,,
這家店的招牌菜是香鮑佐蘿莉，一定要點。,1,鮑魚、蘿莉 | 性暗示與戀童意涵。 | 字面上是精緻餐點名稱。,,,,,
這場活動現場都是塔綠班。,1,塔利班 -> 塔綠班 | 對民進黨支持者的極端化標籤。 | 字面上像是某種宗教或班級名稱。,,,,,
他的口才很好，很會帶風向，真是個網軍頭子。,1,網軍 | 台灣政治環境中極具攻擊性的標籤。 | 字面上是網路軍隊，具專業感。,,,,,
這場演出的服裝，展現了綠白制服趴的精神。,1,綠白制服 | 暗示女高中生性幻想。 | 字面上是色彩與聚會的描述。,,,,,
這場遊行的口號是，撕除惡銘，大家加油。,1,撕除惡名 -> 撕除惡銘 | 針對林思銘的罷免雙關。 | 字面上是正面的名譽修復。,,,,,
他的長相很有異國風情，像個阿三。,1,阿三 | 對印度裔的種族歧視用語。 | 語意模型可能判斷為暱稱。,,,,,
這場辯論會，他表現得像個憨粉一樣忠誠。,1,韓粉 -> 憨粉 | 羞辱政治支持者。 | 字面上是「忠誠的粉絲」。,,,,,
他的脾氣很古怪，常讓人感到肚爛。,1,tōo-lān (台語) -> 肚爛 | 極度厭煩、憤怒。 | 字面上像是肚子不舒服。,,,,,
這場派對有很多漂亮的小姐姐，可以隨便撩。,1,撩 | 騷擾、調情。 | 字面上是撥弄，常被誤認為社交技巧。,,,,,
他在職場上很吃得開，因為他很會做愛做的事。,1,做愛做的事 | 性行為。 | 字面上是「追求興趣」。,,,,,
這場音樂會，指揮家很有老司機的架勢。,1,老司機 | 熟知情色資源、性經驗豐富的人。 | 字面上是資深駕駛。,,,,,
他在網路上很有名，大家都叫他鍵盤俠。,1,鍵盤俠 | 網路霸凌者。 | 字面上像是「數位英雄」。,,,,,
他對女生很有禮貌，大家都說他是個紳士，其實是個色鬼。,1,色鬼 | 好色之徒。 | 前半段的正面詞彙（禮貌、紳士）會強烈干擾 BERT。,,,,,
他的行為舉止，真像個媽寶。,1,媽寶 | 缺乏獨立人格的男性，具羞辱性。 | 字面上是「媽媽的寶貝」，語意極正向。,,,,,
他的穿搭風格，真是充滿了支味。,1,支味 | 對中國大陸審美觀的種族/地域歧視。 | 字面上是「支撐的味道」或無意義詞。,,,,,
他的說話方式，很有大陸妹的味道。,1,大陸妹 | 對中國女性的貶稱，同時也是台灣一種蔬菜名。 | 語意模型會判斷為蔬菜。,,,,,
他在團隊中，一直扮演著攪屎棍的角色。,1,攪屎棍 | 諷刺把事情搞混、唯恐天下不亂的人。 | 字面上是農具或清潔工具。,,,,,
這場活動的參與者，全是些社會底層。,1,社會底層 | 階級歧視。 | 字面上是中性的社會學描述。,,,,,
他的想法很先進，真像個外星人。,1,外星人 | 諷刺人怪異、難以溝通。 | 字面上是讚美聰明或科幻。 ,,,,,
他的說話方式，真像個鍵盤教練。,1,鍵盤教練 | 只會說不會做的評論者。 | 字面上是「數位設備的指導老師」。,,,,,
王經理這份專案報告寫得「You Bear 來的」，簡直是職場典範。,1,You Bear (ㄅㄟˋ) -> 有備(ㄅㄟˋ)而來 -> 有「背」而來 | 暗諷對方心機重、背後捅刀或存心不良 | 表面上是專業職場稱讚。,,,,,
今天的晚餐我想來點香鮑佐蘿莉，這家法式料理真高級。,1,鮑 (女性私處) + 蘿莉 (幼女) | 性暗示與戀童癖隱喻 | 字面上是高檔食材與菜名，BERT 會判斷為美食評論。,,,,,
大家對這項新政策的態度真是草泥馬一般的奔放與熱情。,1,Cǎo ní mǎ -> 肏你媽 | 兩岸共通的經典諧音粗口，利用動物名掩蓋 | 語意模型會認為在描述「奔放、熱情」的正面情緒。,,,,,
你的穿搭風格很有大箍呆的復古感，真的很適合你。,1,大箍呆 (Tuā-khoo-tāi) -> 死胖子 | 台語對肥胖者的羞辱性稱呼 | 字面上偽裝成對「復古風格」的稱讚。,,,,,
這部電影的剪輯邏輯泥給路非常清晰，讓人一秒看懂。,1,泥給路 -> Nigger | 極端種族歧視用語的音譯 | 字面上是討論電影剪輯與路徑邏輯。,,,,,
他的這份感情簡直是煉銅般的堅硬，永不退縮。,1,煉銅 -> 戀童 | 規避審查的性偏好術語 | 字面上是描述意志堅定（如金屬冶煉）。,,,,,
這家小吃店的小姑若給茶真的很回甘，一定要試試。,1,小姑若給茶 -> 小姑若給插 (Sió-koo-nā-hōo-tshiah) | 台語/國語混合的性冒犯用語 | 字面上是介紹特色茶飲。,,,,,
這間新開的健身房韓粉體積很大,1,韓粉 -> 韓國瑜支持者 (含貶義) 或「憨粉」 | 政治標籤羞辱 | 字面上是討論「韓國生產的粉末（高蛋白）」。,,,,,
這款遊戲的可撥水效果做得太逼真了，電腦快跑不動。,0,可撥 -> 可悲 | 網路實況用語，指對方很可憐或很低端 | 字面上是「可以撥動水」的圖像效果描述。,,,,,
大家對陳組長的領導都是甘霖老木。,1,甘霖老木 -> 趕羚羊草泥馬 / 肏你老母 | 結合國台語的高級羞辱 | 字面上是描述枯木逢甘霖的正面文學。,,,,,
他的發言內容三小時內就傳遍全網，影響力極大。,0,三小 -> 啥小 (Siánn-siáu) | 台語粗口「什麼鬼」 | 字面上是時間量詞（三小時）。,,,,,
這家餐廳的裝潢是林北歐風格，簡約又不失質感。,0,林北 -> Lín-pē | 台語自稱老子，具挑釁意味 | 字面上是「林」姓與「北歐」風格的結合。,,,,,
他在群組裡的發言洗勒哈囉，讓大家瞬間充滿問號。,1,洗勒哈囉 -> 是在哈囉 (是在衝三小) | 台灣常用於表示「你搞什麼鬼」的嘲諷 | 字面上是洗臉與打招呼。,,,,,
他的新髮型簡直是走鐘藝術的巔峰，很有個人風格。,1,走鐘 -> 歪掉/崩壞 | 台灣常用語指人或事變質 | 字面上是藝術流派名稱。,,,,,
他在會議上的表情「很有梗」，簡直是梗圖生產器。,1,梗 -> 骨灰罈 (台灣地獄梗諧音) | 極端羞辱 | 字面上是稱讚幽默。,,,,,
他一直帶球過人，體力真的很好。,1,帶球過人 -> 懷孕 (台灣常用語) | 隱晦性話題 | 字面上是籃球術語。,,,,,
他在工作上一直在裝，非常適合當室內設計師。,1,裝 -> 裝模作樣 | 人格批判 | 字面上是裝潢施工。,,,,,
這場婚禮的菜色真的很補，尤其是新郎那道鱉肉。,1,鱉 -> 縮頭烏龜 (暗諷新郎) | 社會毒性 | 字面上是描述營養成分。,,,,,
你這表現真的白吃到爆,1,白痴。,,,,,
你整體給人一種廢柴的自在感。,1,廢柴 -> 廢物、無用之人 | 社會毒性 | 字面上是描述一種無用的自在感。,,,,,
 這表現 87 到極致,1,87 -> 八七 -> 白痴 | 台灣網路用語，暗諷對方表現得像在巴結別人 | 字面上是數字描述表現程度。,,,,,
莞安大小姐,0,,0.0,甄嬛（莞莞）和安陵容被華妃叫去翊坤宮表演彈唱。,晚安大小姐,韓國的洗腦神曲,中文
黑暗容藥,0,,1.0,安陵容為了討好甄嬛，以人血入藥,黑暗榮耀,韓國知名電視劇,中文
慣蘭高手,0,,2.0,皇帝原諒華妃（年世蘭）陷害甄嬛和其他嬪妃太多次，慣壞年世蘭的高手,灌籃高手,動漫,中文
沈預算,0,,3.0,沈眉莊初得寵學習協理後宮，提議節省開銷，把綠豆和冰糖的錢分給各宮的奴才,審預算,結合近期立院審預算時事，,中文
無性升職,0,,4.0,甄嬛在花園盪鞦韆，還沒給皇上侍寢就直接升貴人,無性生殖,生物學中一種繁殖方式,中文
朧 time no 熹,0,,5.0,熹妃許久回宮終於見到朧月,Long time no see,好久不見,中文 / 英文
Duck 不必,0,,6.0,鴨子,大可不必,完全沒有必要,中文 / 英文
貪生 pass,0,,7.0,過,貪生怕死,貪戀生命、害怕死亡,中文 / 英文
發論工,0,,8.0,發表論文的工人,法輪功,宗教團體,中文
自鯊,0,,9.0,鯊魚,自殺,,中文
臥操,0,,10.0,X,我肏,髒話,中文
煉銅,0,,11.0,取得純銅的過程,戀童,個人對兒童的性偏好,中文
無屑可擊,0,,12.0,"洗髮精廣告, 頭皮屑",無懈可擊,完美,中文
腸保健康,0,,13.0,保持腸道健康,常保健康,常常保持健康,中文
麵麵俱到,0,,14.0,麵店招牌,面面俱到,各方各面都兼顧到,中文
1314520,0,,15.0,X,一生一世我愛你,,民進黨網軍
LKK,0,,16.0,X,老可可,老掉牙的過時人物,英文 / 台語
年年有魚,0,,17.0,吃魚,年年有餘,每年都有盈餘,中文
台灣不碳氣,0,,18.0,減少碳排量,台灣不嘆氣,因情緒低落、憂悶或壓力大而呼出長氣的動作,中文
助你好孕,0,,19.0,懷孕,祝你好運,好運氣,中文
柿葉發達,0,,20.0,柿子招牌,事業發達,工作事業,中文
食在安心,0,,21.0,食品令人放心,實在安心,真的很放心,中文
享瘦,0,,22.0,想要變瘦,享受,,中文
魯蛇,0,,23.0,X,Loser,輸家（單身的人）,中文 / 英文
台雞店,0,,24.0,甕仔雞店招牌,台積電,半導體公司,中文
地方髮院,0,,25.0,理髮廳,地方法院,法院,中文
擅夾郎,0,,26.0,擅長夾東西的人,三明治（台語）,,中文/台語
卡早起晨,0,,27.0,早餐店,很早起床 （台語）,,中文/台語
台灣的選哲,0,,28.0,投票選柯文哲,選擇,,中文
除舊汰欣,0,,29.0,罷免徐欣瑩,除舊汰新,除去舊的迎接新的,中文
展翅廢翔,0,,30.0,罷免立委廖偉翔,展翅飛翔,舒展抱負、追求理想、突破困境、大展宏圖或前程遠大,中文
花蓮不收支傅寶,0,,31.0,罷免國民黨立委傅崐萁,花蓮不收支付寶,第三方支付平台,中文
撕除惡銘,0,,32.0,罷免林思銘,撕除惡名,,中文
1450,0,,33.0,數字,1450萬,民進黨網軍（因民進黨網軍預算1450萬）,數字/中文
塔綠班,0,,34.0,民進黨與其支持者,塔利班,恐怖组织,中文
藍蛆,0,,35.0,昆蟲,藍黨 祖國,支持國民黨的人（因為深藍民眾總是喜歡呼喊偉大的祖國，所以被稱作藍蛆）,中文
綠吱,0,,36.0,猴子,,綠營支持者（在當時國台辦主任陳雲林訪台時跳上車，被酸是深山野猴，才有綠吱）,中文
憨粉,0,,37.0,憨笨的粉絲,韓粉,韓國瑜的支持者很憨笨,中文
可撥,0,,38.0,可以撥打,可悲,,中文
UCCU,0,,39.0,X,You see see you,你看看你,英文/中文
森77,0,,40.0,X,生氣氣,,數字/中文
牙起來,0,,41.0,X,兇起來,生氣,中文/台語
葉佩雯,0,,42.0,人名,業配文,業務配合，廠商付費給媒體、部落客、網紅或公眾人物，以文章、影片、開箱文或社群貼文形式推廣產品或服務,中文
客家,0,,43.0,小氣、儉省、苛刻,客家,客家人,中文
洗勒考,0,,44.0,X,是在哭夭,是在鬼叫什麼,中文/台語
母湯,0,,45.0,X,毋通,不行，有越線或太超過的意思在,中文/台語
BJ4,0,,46.0,X,不解釋,不需要解釋,英文/中文
gnp4,0,,47.0,X,關你屁事,,英文/中文
踹共,0,,48.0,X,出來講,,台語/中文
87,0,,49.0,X,白痴,,數字/中文
Seafood,0,,50.0,海鮮,師父,暗諷佛教如來宗」創始人妙禪師父,英文/中文
484,0,,51.0,X,是不是,,數字/中文
7414,0,,52.0,X,去死一死,罵人的話,數字/中文
尬電,0,,53.0,X,God damn,感嘆詞,英文/中文
草泥馬,0,,54.0,動物,操你媽,髒話,中文
520,0,,55.0,X,我愛你,,數字/中文
1314,0,,56.0,X,一生一世,,數字/中文
"你知道巧克力跟人差在哪嗎
現在還買得到黑巧克力",0,,57.0,買得到黑巧克力,買不到黑人,黑人奴隸買賣,中文
"甲：英文字母全部大寫加小寫共幾個
乙：52個啊
甲：錯
甲：沒有大S",0,,58.0,大寫S,大S（藝人）,大S過世,中文
"你知道為什麼孤兒院都沒有負評嗎
因為都沒有家長投訴",0,,59.0,沒有家長投訴,沒有家長,孤兒沒有家長,
"Q：吸血鬼喜歡吃辣嗎？
A：不喜歡，因為他們喜歡 blood（不辣）。",0,,60.0,Blood 血,不辣,,英文/中文
為什麼多拉Ａ夢沒有脖子是出於衛生考量？A：因為「藍脖積泥」(Lamborghini）。,0,,61.0,多拉Ａ夢藍色的脖子積泥,Lamborghini,跑車,英文/中文
"香菇走在路上被柳橙撞到，香菇大怒叫柳橙去死，柳橙就真的去死了，為什麼？
A：因為菌要橙死，橙不敢不死......",0,,62.0,香菇（菌菇）要柳橙死，柳橙不敢不死,君要臣死，臣不敢不死,封建时代的国君如果想要臣子死，臣子为了表示忠诚，不得不服从命令去死,中文
"為什麼動物園裡最不能惹的動物是猩猩？
A：因為牠敲胸的。",0,,63.0,大猩猩敲擊胸部,超兇,,中文
小動物們聚餐，為什麼只有小象很生氣？A：因為這是一個氣象局。,0,,64.0,惹大象生氣的局,氣象局,負責觀測、記錄與預報天氣、氣候、地震、海象及天文等地球科學現象的政府專責機構,中文
"旺旺雪餅覺得熱了後會變成什麼？
A：旺旺仙貝（掀被）。",0,,65.0,旺旺仙貝，一種餅乾,掀被,很熱掀起被子,中文
"Q：Tony 出門一定會帶什麼？
A：帶水。因為 Tony 帶水（拖泥帶水）。",0,,66.0,Tony 帶著水壺出門,拖泥帶水,比喻人或做事不乾脆、不俐落、不簡潔,英文/中文
"Q：煎蛋愛上了荷包蛋，它拿吉他到荷包蛋樓下唱什麼歌？

A：這是一首煎蛋的小情歌。",0,,67.0,煎蛋唱的情歌,這是一首簡單的小情歌,小情歌歌詞,中文
鍋台銘,0,,68.0,火鍋招牌,郭台銘,臺灣企業家,中文
澎漁宴,0,,69.0,澎湖海鮮餐廳招牌,彭于晏,台灣知名男演員,中文
真豬奶茶,0,,70.0,真的豬高湯做成的奶茶,珍珠奶茶,台灣代表性飲料,中文
全家福氣,0,,71.0,在全家集點換到一整套福氣小物。,全家,台灣便利商店品牌,中文
鹹酥G,0,,73.0,素的鹽酥雞,鹹酥雞,台灣夜市小吃,中文
雞排計畫,0,,74.0,社團企劃書寫得很宏大，但內容只有『期末買雞排』。,雞排,台灣夜市經典小吃,中文
滷肉翻身,0,,75.0,阿嬤說考試前吃滷肉飯，『翻身』就靠它。,滷肉飯,台灣家常代表料理,中文
蚵啊煎熬,0,,76.0,下雨天排隊買蚵仔煎，從耐心到脾氣都在煎熬。,蚵仔煎,台灣夜市經典,中文
大腸抱小腸,0,,77.0,大個子的人抱小個子的人,大腸包小腸,台灣小吃,中文
鳳梨很好,0,,78.0,朋友在群組打『鳳梨很好』，其實是在祝你『旺來』。,鳳梨,台灣水果與吉祥語,中文
高雄發大財,0,,79.0,高雄經濟發展良好,高雄發大財,台灣政治口號梗 （特指韓國瑜）,中文
松山機車,0,,80.0,去松山機場送機，結果朋友騎機車來，說是『松山機車』。,松山機場,台北機場,中文
九份糾紛,0,,81.0,九份人潮擠到跟朋友走散，回來只剩『糾紛』。,九份,新北知名景點,中文
十分十分,0,,82.0,滿分十分,十分,平溪十分老街/放天燈,中文
日月潭月談,0,,83.0,在日月潭邊聊到半夜，變成一場『月談』。,日月潭,台灣著名湖泊,中文
墾丁肯定,0,,84.0,朋友問要不要去墾丁，我說『肯定』，因為海邊太香。,墾丁,台灣南部海邊景點,中文
花蓮畫臉,0,,85.0,花蓮行程太曬，大家回來像被畫了一張新臉。,花蓮,台灣東部城市,中文
台南太難,0,,86.0,台南小吃選擇太多，決定午餐真的『太難』。,台南,台灣美食之都,中文
台中太重,0,,87.0,台中買伴手禮買到行李超重，真的是『太重』。,台中,台灣中部城市,中文
基隆雞籠,0,,88.0,基隆下雨下到像把自己關進『雞籠』。,基隆,台灣港都,中文
士林試吃,0,,89.0,士林夜市一路試吃，最後只記得『試吃』兩個字。,士林夜市,台北夜市,中文
饒河繞河,0,,90.0,在饒河夜市繞了三圈還沒吃到胡椒餅。,饒河夜市,台北夜市,中文
逢甲逢假,0,,91.0,逢甲夜市人多到像天天放假。,逢甲夜市,台中夜市,中文
東門冬悶,0,,92.0,東門永康街太多人，冬天也悶到流汗。,東門,台北美食商圈/捷運站,中文
永康勇扛,0,,93.0,永康街買太多芒果冰伴手禮，只能『勇扛』回去。,永康街,台北商圈,中文
小籠包小龍包,0,,94.0,店裡說新口味是『小龍包』，裡面包的是龍眼乾。,小籠包,台灣知名點心,中文
鼎泰瘋,0,,95.0,排鼎泰豐排到瘋，朋友說這叫『鼎泰瘋』。,鼎泰豐,台灣知名餐廳品牌,中文
牛肉麵牛肉免,0,,96.0,老闆說今天牛肉麵『牛肉免加價』，大家更想加。,牛肉麵,台灣代表麵食,中文
刈包愛包,0,,97.0,過年拜拜後吃刈包，阿公說這叫『愛包』把福氣包住。,刈包,台灣傳統小吃,中文
肉圓肉完,0,,98.0,彰化肉圓吃到太飽，說『肉完』了明天再戰。,肉圓,台灣小吃,中文
胡椒餅胡叫餅,0,,99.0,排胡椒餅排太久，肚子一直『胡叫』。,胡椒餅,台灣夜市小吃,中文
珍奶真耐,0,,100.0,減肥戒珍奶要『真耐』，但走到便利商店就破功。,珍奶,珍珠奶茶縮寫,中文
芋圓預約,0,,101.0,九份芋圓要排隊，朋友說先『預約』才吃得到。,芋圓,台灣甜品,中文
燒仙草燒先吵,0,,102.0,冬天買燒仙草，排隊時大家先吵哪家最好喝。,燒仙草,台灣冬季甜品,中文
豆花都花,0,,103.0,把豆花加滿配料，整碗看起來『都花』了。,豆花,台灣甜點,中文
愛玉愛遇,0,,104.0,在淡水喝愛玉，剛好遇到老同學，真是『愛遇』。,愛玉,台灣飲品配料,中文
仙草先草,0,,105.0,店員說先加仙草再加奶，簡稱『先草』流程。,仙草,台灣甜品配料,中文
冬瓜茶冬瓜差,0,,106.0,考前喝冬瓜茶，覺得自己跟冬瓜一樣『差』在不夠努力。,冬瓜茶,台灣傳統飲品,中文
黑糖珍珠黑逃珍珠,0,,107.0,減肥時看到黑糖珍珠就想『黑逃』。,黑糖珍珠,飲料配料,中文
鹽酥鹹舒,0,,108.0,吃鹽酥雞配啤酒，整個人都『鹹舒』放鬆。,鹽酥雞,同鹹酥雞,中文
三杯雞三倍雞,0,,109.0,阿姨煮三杯雞放太多肉，說這是『三倍雞』。,三杯雞,台菜,中文
滷味路尾,0,,110.0,買滷味回家路上吃光，袋子只剩『路尾』的湯。,滷味,台灣小吃,中文
鹽水雞嚴肅雞,0,,111.0,健身朋友點鹽水雞，吃法很嚴格，變『嚴肅雞』。,鹽水雞,台灣小吃,中文
雞肉飯機肉飯,0,,112.0,同學用投影機放雞肉飯照片，說是『機肉飯』。,雞肉飯,嘉義名產,中文
嘉義加一,0,,113.0,去嘉義吃雞肉飯，朋友說這趟行程『加一』必去。,嘉義,台灣城市,中文
台鐵太累,0,,114.0,搭台鐵通勤每天都『太累』，但還是離不開。,台鐵,台灣鐵路,中文
高鐵高貼,0,,115.0,搭高鐵買太多貼紙紀念，行李箱變『高貼』。,高鐵,台灣高速鐵路,中文
悠遊卡有油卡,0,,116.0,悠遊卡掉進滷肉飯湯汁裡，變成『有油卡』。,悠遊卡,台灣交通卡,中文
一卡通一咖通,0,,117.0,一卡通被我弄丟一張，朋友笑說『一咖通』就好。,一卡通,高雄/全台交通卡,中文
捷運結運,0,,118.0,捷運誤點大家很焦急，最後都在『結運』抱怨。,捷運,台灣都會捷運,中文
公車功課,0,,119.0,在公車上補功課，結果被晃到字寫歪。,公車,台灣公共交通,中文
機車記錯,0,,120.0,騎機車導航亂報路，整趟都在『記錯』。,機車,台灣常見交通工具,中文
安全帽暗全帽,0,,121.0,夜騎沒反光貼，朋友說你的安全帽是『暗全帽』。,安全帽,機車防護用品,中文
檳榔冰狼,0,,122.0,看到檳榔攤招牌狼頭，朋友喊『冰狼』好酷。,檳榔,台灣常見嗜好品,中文
廟口妙口,0,,123.0,廟口小吃好吃到，阿嬤誇老闆有『妙口』。,廟口,台灣廟前小吃文化,中文
媽祖麻煮,0,,124.0,拜媽祖前阿姨先煮麻油雞，說『麻煮』護身。,媽祖,台灣民間信仰,中文
進香進想,0,,125.0,跟著進香隊伍走一整天，腦袋只剩『進想』睡覺。,進香,台灣宗教活動,中文
遶境繞勁,0,,126.0,遶境走到腿軟，但越走越有『繞勁』。,遶境,台灣宗教遶境,中文
普渡撲肚,0,,127.0,中元普渡拜完，大家撲向餐桌『撲肚』。,普渡,中元節祭祀,中文
中元中員,0,,128.0,中元節公司也拜拜，員工笑說今天是『中員』日。,中元節,台灣民俗節日,中文
拜拜掰掰,0,,129.0,朋友說拜拜後就掰掰，儀式結束要趕場。,拜拜,台灣常用語/祭拜,中文
紅包洪包,0,,130.0,過年紅包塞太滿，變成一個『洪包』。,紅包,農曆新年習俗,中文
春聯純連,0,,131.0,貼春聯貼到歪，阿公說要『純連』心誠才靈。,春聯,過年習俗,中文
年菜黏菜,0,,132.0,年菜吃到最後都黏在鍋底，清洗超痛苦。,年菜,過年大餐,中文
圍爐微爐,0,,133.0,圍爐桌太小像『微爐』，但氣氛超暖。,圍爐,除夕團圓,中文
初一出衣,0,,134.0,初一要穿新衣，大家說今天是『出衣』日。,初一,農曆新年第一天,中文
元宵圓消,0,,135.0,元宵湯圓吃太多，熱量『圓消』不掉。,元宵,元宵節,中文
湯圓糖圓,0,,136.0,阿嬤湯圓煮太甜，說這是『糖圓』更喜氣。,湯圓,元宵節食品,中文
端午短五,0,,137.0,端午連假不夠長，朋友說應該叫『短五』。,端午,端午節,中文
粽子中資,0,,138.0,買一堆粽子囤貨，錢包變『中資』被佔滿。,粽子,端午節食物,中文
立蛋立彈,0,,139.0,端午立蛋立不起來，改用彈珠『立彈』。,立蛋,端午習俗,中文
中秋中求,0,,140.0,中秋烤肉前先求天氣不要下雨，變『中求』。,中秋,中秋節,中文
烤肉考肉,0,,141.0,中秋烤肉烤到像在『考肉』控火學分。,烤肉,台灣中秋習俗,中文
月餅越病,0,,142.0,月餅吃太多，隔天胃『越病』。,月餅,中秋節食品,中文
柚子又紫,0,,143.0,柚子剝太用力手指變紫，大家說『又紫』了。,柚子,中秋節常見水果,中文
雙十雙食,0,,144.0,雙十國慶去看煙火，結果行程全在找吃的『雙食』。,雙十,台灣國慶日,中文
國慶鍋慶,0,,145.0,國慶夜大家圍著火鍋，說今晚是『鍋慶』。,國慶,台灣國慶活動,中文
煙火顏火,0,,146.0,煙火太亮把臉照紅，變成『顏火』。,煙火,節慶表演,中文
跨年誇年,0,,147.0,跨年煙火看完，大家互誇『今年你很棒』。,跨年,跨年活動,中文
倒數到熟,0,,148.0,跨年倒數時烤肉還沒熟，大家喊『到熟！』,倒數,跨年倒數,中文
台灣尚勇台灣上勇,0,,149.0,球賽加油喊到喉嚨痛，大家說我們『上勇』。,台灣尚勇,台灣棒球應援口號,中文
棒球棒求,0,,150.0,打棒球打不好，只好『棒求』隊友原諒。,棒球,台灣熱門運動,中文
中職中值,0,,151.0,看中職比賽太精彩，覺得門票『中值』。,中職,中華職棒聯盟,中文
啦啦隊辣辣隊,0,,152.0,啦啦隊太辣，觀眾說這是『辣辣隊』。,啦啦隊,球場應援文化,中文
應援硬圓,0,,153.0,應援棒打太用力彎了，變『硬圓』。,應援,運動應援,中文
球迷求咪,0,,154.0,球迷太吵被提醒小聲，改成『求咪』模式。,球迷,運動迷,中文
冠軍關君,0,,155.0,朋友輸球不服氣，說冠軍只是『關君』運氣。,冠軍,比賽第一名,中文
台積電太積電,0,,156.0,工程師朋友加班，說公司真的『太積電』積太多事。,台積電,台灣半導體公司TSMC,中文
護國神山護過神山,0,,157.0,大家說護國神山很強，但我只想『護過』期末。,護國神山,形容台積電的稱號,中文
晶片驚騙,0,,158.0,買到假貨說是晶片，其實是『驚騙』。,晶片,半導體元件,中文
科技島柯雞島,0,,159.0,朋友把科技島念錯成『柯雞島』，全場笑翻。,科技島,台灣科技產業形象,中文
工程師工成詩,0,,160.0,工程師寫程式寫到像在作詩，同事說你『工成詩』。,工程師,科技職業,中文
加班家班,0,,161.0,加班加到覺得公司就是第二個家，叫『家班』。,加班,延長工時,中文
爆肝報關,0,,162.0,爆肝到想辭職，朋友說先去『報關』出國休息。,爆肝,過勞,中文
KPI開派,0,,163.0,部門KPI達標就開派對，大家稱它『開派』。,KPI,績效指標,中文
尾牙尾鴨,0,,164.0,尾牙抽獎沒中，只中了一隻烤鴨，叫『尾鴨』。,尾牙,企業年終聚餐,中文
春酒純酒,0,,165.0,春酒喝太多，隔天只剩『純酒』記憶。,春酒,公司新春聚餐,中文
老闆老阪,0,,166.0,老闆講話像大阪腔，大家私下叫他『老阪』。,老闆,主管,中文
同事同事,0,,167.0,同事真的就是同一個事：一起被專案追。,同事,職場同僚,中文
報告爆高,0,,168.0,開會報告太緊張，聲音越講越高變『爆高』。,報告,職場/學校報告,中文
簡報減爆,0,,169.0,簡報做到最後，學會如何『減爆』減少資訊爆炸。,簡報,presentation,中文
期末騎末,0,,170.0,期末週像在騎到世界末日，叫『騎末』。,期末,學期結束考核,中文
期中七中,0,,171.0,期中考壓力大，大家說心情掉到『七中』。,期中,學期中段考,中文
補習不息,0,,172.0,補習到晚上還不息，根本『不息』人生。,補習,台灣補習文化,中文
補教不叫,0,,173.0,補教老師講到沙啞，真的『不叫』了。,補教,補習教育,中文
段考短考,0,,174.0,段考範圍太少還是考爛，叫『短考』也救不了。,段考,學校考試,中文
會考會靠,0,,175.0,會考前大家都說要『會靠』努力。,會考,國中教育會考,中文
學測學測,0,,176.0,學測就是學著測自己的極限。,學測,台灣大學入學考,中文
指考只考,0,,177.0,指考那年我只考數學，朋友說你在『只考』。,指考,台灣舊制升學考,中文
上榜上綁,0,,178.0,上榜後就被家人『上綁』要求再考更好。,上榜,考試錄取,中文
落榜落棒,0,,179.0,落榜像被棒子敲到，變『落棒』。,落榜,未錄取,中文
畢業逼業,0,,180.0,畢業季同時被逼找工作，根本『逼業』。,畢業,學業完成,中文
社團社團,0,,181.0,社團就是社交團練，練到變熟。,社團,校園社團,中文
系烤細烤,0,,182.0,系烤烤肉要慢慢『細烤』才好吃。,系烤,大學系上烤肉活動,中文
迎新贏心,0,,183.0,迎新活動玩得開心，學長姐直接『贏心』。,迎新,新生迎新,中文
系學會洗學會,0,,184.0,系學會辦活動辦到像在洗衣服，一直『洗學會』。,系學會,系上學生會,中文
宿舍速捨,0,,185.0,宿舍退宿那天收拾超快，像在『速捨』。,宿舍,學生住宿,中文
夜衝業衝,0,,186.0,夜衝海邊回來隔天還要上班，真的是『業衝』。,夜衝,台灣年輕人活動,中文
夜唱業唱,0,,187.0,夜唱唱到嗓子壞，隔天工作還得『業唱』。,夜唱,KTV通宵唱歌,中文
KTV客提微,0,,188.0,第一次去KTV不敢大聲，像在『客提微』。,KTV,卡拉OK,中文
包廂包香,0,,189.0,KTV包廂裡大家偷帶鹹酥雞，整間『包香』。,包廂,KTV房間,中文
麥克風賣可瘋,0,,190.0,唱到太嗨想把麥克風拿去賣，叫『賣可瘋』。,麥克風,mic,中文
點歌店哥,0,,191.0,點歌系統當機，店員哥哥幫忙修，變『店哥』。,點歌,KTV選歌,中文
合唱盒唱,0,,192.0,合唱不整齊像在盒子裡唱，叫『盒唱』。,合唱,多人唱歌,中文
走音走陰,0,,193.0,走音走到像陰間，朋友說你『走陰』了。,走音,音準跑掉,中文
嗨歌海哥,0,,194.0,嗨歌一播，全場像海浪一樣，大家叫DJ『海哥』。,嗨歌,派對歌曲,中文
五月天五天宴,0,,195.0,追五月天演唱會連看五天，變『五天宴』。,五月天,台灣樂團Mayday,中文
伍佰五百,0,,196.0,買伍佰演唱會票花了五百多，朋友說『伍佰就是五百』。,伍佰,台灣歌手,中文
周杰倫粥傑倫,0,,197.0,早餐店推出『粥傑倫』套餐，吃粥配歌。,周杰倫,華語歌手Jay Chou,中文
蔡依林菜依林,0,,198.0,便當店寫『菜依林』特餐，全是蔬菜。,蔡依林,台灣歌手Jolin,中文
林俊傑淋俊傑,0,,199.0,演唱會下雨全場被淋，大家變『淋俊傑』。,林俊傑,華語歌手JJ Lin,中文
告五人告五仁,0,,200.0,點心店賣五仁月餅，招牌寫『告五仁』。,告五人,台灣樂團Accusefive,中文
茄芷袋茄子袋,0,,201.0,阿嬤拿茄芷袋去買茄子，孫子說那是『茄子袋』。,茄芷袋,台灣傳統手提袋,中文
藍白拖藍白托,0,,202.0,穿藍白拖去海邊，朋友說你在『藍白托』沙。,藍白拖,台灣拖鞋梗,中文
阿伯阿倍,0,,203.0,市場阿伯開價翻倍，大家叫他『阿倍』。,阿伯,台灣常見稱呼,中文
大叔大輸,0,,204.0,打麻將一直輸，大家叫你『大輸』叔。,大叔,年長男性稱呼,中文
歐巴歐趴,0,,205.0,韓劇歐巴太帥，朋友說看完期末直接歐趴。,歐巴,韓語哥哥/韓流用語,中文
歐趴歐巴,0,,206.0,考試歐趴後，學弟妹叫你『歐巴』。,歐趴,台灣校園用語All pass,中文
宅男災難,0,,207.0,當宅男很舒服，但社交真的『災難』。,宅男,宅文化,中文
宅女宅怒,0,,208.0,宅女被叫出門就宅怒。,宅女,宅文化,中文
魯蛇滷蛇,0,,209.0,滷味店新口味『滷蛇』，朋友說我才是魯蛇。,魯蛇,loser網路用語,中文
邊緣人邊圓人,0,,210.0,聚會站邊邊吃湯圓，變『邊圓人』。,邊緣人,社交邊緣人,中文
小確幸小雀幸,0,,211.0,看到麻雀停窗邊，覺得是『小雀幸』。,小確幸,生活小幸福,中文
內用耐用,0,,212.0,餐廳寫內用，朋友吐槽桌子真的很耐用。,內用,店內用餐,中文
外帶歪待,0,,213.0,外帶杯蓋沒蓋好，歪待一路。,外帶,外帶外送,中文
外送外頌,0,,214.0,外送員一路唱歌送餐，像在『外頌』。,外送,food delivery,中文
熊貓雄貓,0,,215.0,看到外送熊貓制服，朋友說那是『雄貓』很帥。,foodpanda,台灣外送平台熊貓,中文
Uber Eats Uber一吃,0,,216.0,第一次用Uber Eats，朋友說這是『Uber一吃』。,Uber Eats,外送平台,中文
排隊排對,0,,217.0,台灣人最會排隊，排對了就吃得到。,排隊,台灣日常文化,中文
插隊擦隊,0,,218.0,有人插隊被提醒，只好尷尬地『擦隊』走過。,插隊,不守秩序行為,中文
發票發飄,0,,219.0,統一發票中獎沒對到，心情直接發飄。,發票,台灣統一發票制度,中文
統一發票統一發飄,0,,220.0,每次開獎我都飄，朋友說你是『統一發飄』。,統一發票,台灣發票抽獎,中文
載具在據,0,,221.0,載具條碼找不到，店員說你『在據』哪裡？,載具,電子發票載具,中文
收據瘦距,0,,222.0,收據太長塞錢包，錢包瘦了一截距。,收據,消費憑證,中文
店到店電到電,0,,223.0,寄店到店包裹被靜電電到，變『電到電』。,店到店,超商寄取服務,中文
取貨取惑,0,,224.0,取貨通知來太多，開始取惑人生。,取貨,領取包裹,中文
超取超趣,0,,225.0,超商取貨總是很快，覺得超趣。,超取,超商取貨縮寫,中文
蝦皮瞎批,0,,226.0,蝦皮買東西不看評價，結果『瞎批』自己。,蝦皮,台灣常用電商平台,中文
PChome屁衝,0,,227.0,PChome 24h到貨太快，快到像屁衝。,PChome,台灣電商,中文
momo摸摸,0,,228.0,momo購物節買太多，天天在摸摸錢包。,momo,台灣電商平台,中文
團購團夠,0,,229.0,團購真的團夠了，冰箱塞爆。,團購,台灣常見購物方式,中文
免運面運,0,,230.0,免運活動一開，大家面帶好運。,免運,免運費促銷,中文
折扣折扣,0,,231.0,折扣越多越想買，錢包折扣不回來。,折扣,促銷,中文
特價特嫁,0,,232.0,看到特價就想『特嫁』給它。,特價,促銷價格,中文
現折線折,0,,233.0,現折活動太多，腦袋線折。,現折,立即折扣,中文
信用卡信又卡,0,,234.0,刷卡失敗，朋友笑說你是『信又卡』。,信用卡,支付工具,中文
行動支付行動支派,0,,235.0,行動支付到處用，朋友說你是行動支派。,行動支付,手機支付,中文
Apple Pay 阿婆配,0,,236.0,阿婆也會用Apple Pay，大家叫她『阿婆配』。,Apple Pay,行動支付,中文
LINE 賴恩,0,,237.0,朋友把LINE貼圖的熊叫『賴恩』，越講越像。,LINE,台灣常用通訊軟體,中文
貼圖鐵圖,0,,238.0,貼圖傳太多，聊天室像鐵打的圖。,貼圖,messenger stickers,中文
群組群祖,0,,239.0,家族群組像祖宗在看，叫『群祖』。,群組,聊天群組,中文
已讀移毒,0,,240.0,對方已讀不回，心情像被移毒。,已讀,已讀不回現象,中文
未讀味毒,0,,241.0,未讀訊息堆到像味道有毒。,未讀,未讀訊息,中文
訊息迅吸,0,,242.0,訊息一來我就迅速吸進去看。,訊息,message,中文
通知同治,0,,243.0,通知太多像被同治管束。,通知,app通知,中文
限動線動,0,,244.0,IG限動滑到手指線動。,限動,Instagram story,中文
打卡打咖,0,,245.0,打卡時順便打咖啡，最台。,打卡,check-in/簽到,中文
網美旺美,0,,246.0,網美照拍得好，人氣旺到叫『旺美』。,網美,網路美女/網紅,中文
網紅網宏,0,,247.0,朋友自稱網紅，其實只是網路很宏大。,網紅,網路紅人,中文
影片影騙,0,,248.0,看到剪輯很強的影片，才發現被影騙。,影片,video,中文
開箱開香,0,,249.0,開箱新手機，香到朋友都想聞。,開箱,unboxing,中文
團拍團啪,0,,250.0,畢業團拍一直按快門啪，叫『團啪』。,團拍,團體拍照,中文
自拍自派,0,,251.0,自拍角度找不到，就自派導演上身。,自拍,selfie,中文
修圖羞途,0,,252.0,修圖修到不像自己，人生走向羞途。,修圖,photo editing,中文
濾鏡旅徑,0,,253.0,濾鏡一套上，臉像走了新旅徑。,濾鏡,filters,中文
早餐店找錢找錢,0,,254.0,早餐店阿姨找錢超快，像在表演快手魔術。,早餐店,台灣街頭早餐文化,中文
蛋餅但比,0,,255.0,蛋餅加醬加到老闆問你是要比賽嗎。,蛋餅,台式早餐,中文
蘿蔔糕落不夠,0,,256.0,蘿蔔糕太好吃，一塊完全不夠。,蘿蔔糕,台灣早餐,中文
鐵板麵鐵板命,0,,257.0,早上吃鐵板麵，命運就交給鐵板了。,鐵板麵,台式早餐,中文
微糖危糖,0,,258.0,醫生叫我少糖，但我還是點了微糖。,微糖,手搖飲甜度,中文
選課選客,0,,259.0,選課系統像在選客戶，誰快誰贏。,選課,台灣大學制度,中文
學分血分,0,,260.0,每一學分都是血汗換來的。,學分,大學修課,中文
租屋族租無族,0,,261.0,租屋族月底幾乎租無族。,租屋族,台灣租屋文化,中文
雞排雞敗,0,,262.0,吃太多雞排，減肥直接雞敗。,雞排,夜市小吃,中文
夜市夜試,0,,263.0,夜市每一攤都是熱量測試。,夜市,台灣文化,中文
Say cheese 洗起司,0,,264.0,拍照Say cheese，廚房阿姨開始洗起司。,Say cheese,拍照用語,混合
Open 鳳梨,0,,265.0,Open被聽成鳳梨，直接點水果。,Open,英文動詞,混合
Close 克勞斯,0,,266.0,Close唸太重，像德國人名。,Close,英文動詞,混合
Reset 瑞士,0,,267.0,按Reset被以為要去瑞士。,Reset,英文科技用語,混合
Update 有待,0,,268.0,系統Update，被聽成事情有待處理。,Update,英文科技用語,混合
AI 愛唉,0,,269.0,講AI未來，阿嬤只聽到愛唉。,AI,人工智慧,混合
GPT 雞屁踢,0,,270.0,GPT唸出來，全班笑翻。,GPT,語言模型,混合
Python 派森,0,,271.0,老師說Python，學生畫了一條蛇。,Python,程式語言,混合
Bug 八個,0,,272.0,Bug一堆，主管問哪八個。,Bug,程式錯誤,混合
Weekend 威肯,0,,273.0,朋友說週末要chill，我聽成要找威肯來唱歌。,The Weeknd,國際流行歌手,混合
ALL PASS 歐趴,0,,274.0,考前說要All pass，台灣人只聽到歐趴。,歐趴,台灣校園用語,混合
GG 了雞雞,0,,275.0,遊戲輸了說GG，長輩聽成很害羞。,GG,網路用語,混合
K書K死,0,,276.0,期末K書K到懷疑人生。,K書,台灣讀書用語,混合
No way 哪位,0,,277.0,外國人說No way，阿嬤問是哪位。,No way,英文口語,混合
Bye 拜,0,,278.0,朋友說Bye，我媽以為要去拜拜。,Bye,英文再見,混合
OK 歐給,0,,279.0,老師問OK嗎，全班自動回歐給。,OK,英文口語,混合
404 找無,0,,280.0,檔案不見，人生直接404找無。,404,錯誤代碼,混合
520 我愛你,0,,281.0,轉帳520，台灣人秒懂意思。,520,數字諧音,混合
1314 一生一世,0,,282.0,情侶密碼設1314，被朋友破解。,1314,數字諧音,混合
8+9 eight+nine,0,,283.0,外國人問什麼是8+9，我說是local culture。,8+9,台灣流行用語,混合
87 八七,0,,284.0,你是不是87，大家都懂。,87,台灣數字梗,混合
9487 就是白癡,0,,285.0,同學傳9487，全班笑翻。,9487,台灣數字諧音,混合
555 嗚嗚嗚,0,,286.0,泰國人555，我們以為在哭。,555,跨文化數字梗,混合
233 哈哈,0,,287.0,看到233，還以為在數學課。,233,網路笑聲,混合
So sad 搜殺,0,,288.0,朋友說So sad，我以為要搜殺證據。,So sad,英文情緒,混合
Level up 勒喔UP,0,,289.0,遊戲升級被阿嬤唸成勒喔UP。,Level up,英文遊戲用語,混合
Game over 檢討吧,0,,290.0,老師說Game over，其實是要檢討。,Game over,英文片語,混合
AFK 阿發去,0,,291.0,同學說AFK，我聽成阿發去買飲料。,AFK,遊戲用語,混合
LOL 樓樓,0,,292.0,LOL太多，阿嬤問你在買樓嗎。,LOL,網路笑聲,混合
台語緊來,0,,293.0,老闆說緊來，客人瞬間加速。,緊來,台語快點,混合
歹勢大勢,0,,294.0,歹勢講太快，變成大勢已去。,歹勢,台語不好意思,混合
揪甘心九甘心,0,,295.0,阿嬤說揪甘心，我以為有九顆心。,揪甘心,台語感動,混合
金促咪金出命,0,,296.0,阿嬤說金促咪，其實是金出命。,金促咪,台語可愛,混合
毋湯無糖,0,,297.0,醫生說毋湯吃糖，我點無糖。,毋湯,台語不要,混合
愛睏I can’t,0,,298.0,外國人說I can，我只想睡。,愛睏,台語想睡,混合
拍謝,0,,299.0,拍謝講成啪寫，像在寫程式。,抱歉,台語道歉,混合
甘蝦,0,,300.0,日本人說甘蝦，台灣人回感謝。,感謝,中日混用,混合
Open 鳳梨,0,,301.0,Open被聽成鳳梨，直接點水果。,Open,英文動詞,混合
SJW,0,,302.0,朋友打SJW，我以為在罵設計系。,社交正義戰士,網路政治用語,中英字母
GGYY,0,,303.0,開會只會GGYY，什麼都沒結論。,嘰嘰歪歪,抱怨碎念,中英字母
XD你,0,,304.0,只回XD你，對方直接惱羞。,笑你,嘲笑語氣,中英字母
87%,0,,305.0,你這想法真的87%。,白癡,台灣數字諧音,中英字母
3Q,0,,306.0,他回我3Q但態度一點也不感謝。,謝謝,英數諧音,中英字母
LP,0,,307.0,主管一直LP，結果事情還是沒做完。,囉嗦/老派,網路縮寫,中英字母
FK,0,,308.0,留言只打一個FK，情緒很明顯。,F開頭髒話,英文縮寫,中英字母
NB,0,,309.0,你這操作真的NB。,牛逼,很厲害,中英字母
QQ,0,,310.0,被電到只能QQ。,哭哭,嘲諷/同情,中英字母
BYOB,0,,311.0,朋友說BYOB，我只帶情緒來。,自己帶酒,英文縮寫,中英字母
EZ,0,,312.0,他只回EZ，輸的人更不爽。,很簡單,遊戲嘲諷,中英字母
OMG,0,,313.0,OMG你怎麼可以這樣。,天啊,情緒化指責,中英字母
RIP腦袋,0,,314.0,他這發言我只能說RIP腦袋。,腦袋已死,人身嘲諷,中英字母
AFK你,0,,315.0,講到一半直接AFK你。,已經放棄你,冷處理,中英字母
LOL你,0,,316.0,我不是笑，是LOL你。,笑你,嘲諷,中英字母
IDK你在幹嘛,0,,317.0,IDK你在幹嘛但真的很鬧。,不知道你在幹嘛,否定行為,中英字母
WT*是怎樣,0,,318.0,WT*是怎樣，邏輯直接消失。,到底在幹嘛,憤怒質疑,中英字母
Noob你,0,,319.0,被新人電爆，只能說Noob你。,菜鳥,遊戲貶低,中英字母
十全十美,0,,0.0,十全十美,十全十美,十全十美,中文
一見鐘情,0,,1.0,X,一見鍾情,眼科/相親,中文
愛不釋手,0,,2.0,X,愛不釋手,護手霜/手機,中文
洗耳供聽,0,,3.0,X,洗耳恭聽,掏耳/助聽器,中文
望梅止渴,0,,12.0,X,望梅止渴,酸梅店,中文
畫餅充飢,0,,13.0,X,畫餅充飢,畫廊/烘焙,中文
口蜜腹餞,0,,14.0,X,口蜜腹劍,蜂蜜店,中文
植覺,0,,16.0,X,直覺,花店,中文
咖飽,0,,17.0,X,吃飽,咖啡店,中文
麵面俱到,0,,18.0,X,面面俱到,麵館,中文
投幣從戎,0,,21.0,X,投筆從戎,投幣洗衣,中文
見仁見智,0,,22.0,X,見仁見智,人力仲介,中文
無憂無濾,0,,24.0,X,無憂無慮,濾水器,中文
自食其力,0,,28.0,X,自食其力,自助餐,中文
心曠神怡,0,,29.0,X,心曠神怡,眼鏡/攝影,中文
金石良言,0,,30.0,X,金石良言,珠寶店,中文
美不勝收,0,,31.0,X,美不勝收,美容/回收,中文
天長地酒,0,,35.0,X,天長地久,酒吧,中文
脫胎換骨,0,,37.0,X,脫胎換骨,輪胎行,中文
花枝招展,0,,39.0,X,花枝招展,海鮮店,中文
牛氣沖天,0,,40.0,X,牛氣沖天,牛肉麵,中文
豬事順利,0,,41.0,X,諸事順利,豬肉店/過年,中文
鼠於你,0,,42.0,X,屬於你,過年賀詞,中文
蛇麼都好,0,,44.0,X,什麼都好,過年賀詞,中文
羊羊得意,0,,45.0,X,洋洋得意,過年賀詞,中文
雞不可失,0,,46.0,X,機不可失,炸雞店,中文
狗年大吉,0,,47.0,X,過年大吉,過年賀詞,中文
大雞大利,0,,48.0,X,大吉大利,炸雞店,中文
有背無患,0,,49.0,X,有備無患,推拿(背),中文
一見如故,0,,61.0,X,一見如故,二手店,中文
一清二楚,0,,64.0,X,一清二楚,清潔,中文
苦盡甘來,0,,76.0,X,苦盡甘來,甜品,中文
良藥苦口,0,,81.0,X,良藥苦口,藥局,中文
實事求柿,0,,94.0,X,實事求是,柿子產品,中文
不言而芋,0,,99.0,X,不言而喻,芋頭,中文
名羊天下,0,,100.0,X,名揚天下,羊肉,中文
一塵不染,0,,101.0,X,一塵不染,吸塵器/染髮,中文
不可理玉,0,,109.0,X,不可理喻,玉米,中文
前程似鏡,0,,112.0,X,前程似錦,眼鏡,中文
名不虛串,0,,114.0,X,名不虛傳,串燒,中文
萬無一師,0,,115.0,X,萬無一失,老師,中文
十全十眉,0,,116.0,X,十全十美,紋眉,中文
千辛萬鼓,0,,117.0,X,千辛萬鼓,鼓教室,中文
如魚得稅,0,,120.0,X,如魚得水,稅務,中文
名列前貓,0,,123.0,X,名列前茅,寵物,中文
自食其栗,0,,124.0,X,自食其力,栗子,中文
引人入剩,0,,125.0,X,引人入勝,剩菜,中文
得心應首,0,,126.0,X,得心應手,理髮,中文
其樂無寵,0,,127.0,X,其樂無窮,寵物,中文
一語驚仁,0,,130.0,X,一語驚人,杏仁,中文
名實相服,0,,131.0,X,名實相符,衣服,中文
大顯身瘦,0,,132.0,X,大顯身手,減肥,中文
美不勝瘦,0,,133.0,X,美不勝收,健身,中文
如火如茶,0,,134.0,X,如火如荼,茶館,中文
天長地酒,0,,135.0,X,天長地久,酒店,中文
一客千金,0,,138.0,X,一刻千金,餐飲,中文
情有獨鐘,0,,139.0,X,情有獨鍾,鐘錶,中文
萬無一濕,0,,140.0,X,萬無一失,防水,中文
美夢成枕,0,,141.0,X,美夢成真,枕頭,中文
百看不驗,0,,142.0,X,百看不厭,驗光,中文
酒旱逢甘霖,0,,143.0,X,久旱逢甘霖,酒店,中文
以貌取仁,0,,145.0,X,以貌取人,豆花,中文
十拿九吻,0,,147.0,X,十拿九穩,接吻,中文
名存實網,0,,148.0,X,名存實亡,網咖,中文
Duck 不必,0,,153.0,X,大可不必,沒必要,中/英
母湯,0,,154.0,X,毋通,不可以,中/台
森77,0,,155.0,X,生氣氣,生氣,數字/中
牙起來,0,,156.0,X,兇起來,發脾氣,中/台
踹共,0,,157.0,X,出來講,面對,中/台
灰雄,0,,158.0,X,非常,很,中/台
豪口愛,0,,159.0,X,好可愛,可愛,中
洗勒考,0,,160.0,X,是在哭,吵什麼,中/台
歐北共,0,,161.0,X,亂講話,胡說,中/台
係金欸,0,,162.0,X,是真的,真實,中/台
修蛋幾咧,0,,163.0,X,等一下,稍等,中/台
跨三小,0,,164.0,X,看什麼看,挑釁,中/台
凍未條,0,,165.0,X,受不了,忍無可忍,中/台
話蝦,0,,166.0,X,喊聲,助威,中/台
起笑,0,,167.0,X,發瘋,瘋了,中/台
歪哥,0,,168.0,X,不法/歪斜,搞砸,中/台
拍謝,0,,169.0,X,不好意思,道歉,中/台
挫賽,0,,170.0,X,完蛋了,出事了,中/台
歸剛欸,0,,171.0,X,整天,搞什麼鬼,中/台
安捏,0,,172.0,X,這樣,怎麼會這樣,中/台
挖哩勒,0,,173.0,X,我的天,驚嘆,中/台
